Arguments: 
  C:\Program Files\nodejs\node.exe C:\Users\miel2\AppData\Roaming\npm\node_modules\yarn\bin\yarn.js add -D @types/node-cron

PATH: 
  C:\Program Files\Oculus\Support\oculus-runtime;C:\Program Files\NVIDIA GPU Computing Toolkit\CUDA\v12.6\bin;C:\Program Files\NVIDIA GPU Computing Toolkit\CUDA\v12.6\libnvvp;C:\Program Files\Common Files\Oracle\Java\javapath;C:\Program Files (x86)\Common Files\Intel\Shared Libraries\redist\intel64\compiler;C:\Program Files (x86)\Common Files\Oracle\Java\javapath;C:\Windows\system32;C:\Windows;C:\Windows\System32\Wbem;C:\Windows\System32\WindowsPowerShell\v1.0\;C:\Windows\System32\OpenSSH\;C:\Program Files (x86)\NVIDIA Corporation\PhysX\Common;C:\apache-maven-3.6.3\bin;C:\gradle-6.8.2\bin;C:\Program Files\dotnet\;C:\Users\miel2\AppData\Local\Programs\Python\Python39;C:\WINDOWS\system32;C:\WINDOWS;C:\WINDOWS\System32\Wbem;C:\WINDOWS\System32\WindowsPowerShell\v1.0\;C:\WINDOWS\System32\OpenSSH\;C:\Users\miel2\Documents\flutter\bin;C:\Program Files (x86)\apache-maven-3.8.6\bin;C:\Program Files\Git\cmd;C:\Users\miel2\AppData\Local\Programs\Python\Python39\Scripts;C:\Program Files\Docker\Docker\resources\bin;C:\Users\miel2\AppData\Roaming\nvm;C:\Program Files\nodejs;C:\Users\miel2\AppData\Local\Programs\Python\Python38\python.exe;C:\Users\miel2\kubectl;C:\ProgramData\chocolatey\bin;C:\Program Files\CMake\bin;C:\Program Files (x86)\Windows Kits\10\Windows Performance Toolkit\;C:\Program Files\LLVM\bin;C:\Program Files\NVIDIA Corporation\Nsight Compute 2024.3.1\;C:\Program Files\NVIDIA GPU Computing Toolkit\CUDA\v12.6\include;C:\Program Files\Microsoft Visual Studio\2022\Community\VC\Tools\MSVC\14.41.34120\bin\Hostx64\x64;C:\ProgramData\mingw64\mingw64\bin;C:\Program Files\NVIDIA Corporation\NVIDIA app\NvDLISR;C:\Program Files\nodejs\;C:\Users\miel2\Documents\aftman;c:\program files (x86)\iracing\d3dgear;g:\iracing\d3dgear;;;;C:\Users\miel2\AppData\Local\Microsoft\WindowsApps;C:\Users\miel2\AppData\Local\Programs\Microsoft VS Code\bin;C:\Users\miel2\AppData\Local\GitHubDesktop\bin;C:\Users\miel2\.dotnet\tools;C:\Users\miel2\AppData\Local\Programs\Fiddler;C:\Users\miel2\AppData\Local\Programs\Python\Python39\Scripts;C:\Program Files\heroku\bin;C:\Users\miel2\.dotnet\tools;C:\Users\miel2\AppData\Roaming\nvm;C:\Program Files\nodejs;C:\ProgramData\mingw64\mingw64\bin;C:\Users\miel2\AppData\Roaming\npm;C:\Users\miel2\AppData\Local\Android\Sdk\platform-tools;C:\Users\miel2\Documents\scripts;C:\tools\neovim\nvim-win64\bin;C:\Users\miel2\.aftman\bin;C:\Windows\System32\cmd.exe;C:\Users\miel2\AppData\Local\Programs\Antigravity\bin

Yarn version: 
  1.22.17

Node version: 
  22.13.0

Platform: 
  win32 x64

Trace: 
  Error: ENOENT: no such file or directory, copyfile 'C:\Users\miel2\AppData\Local\Yarn\Cache\v6\npm-ajv-6.12.6-integrity\node_modules\ajv\lib\dot\allOf.jst' -> 'C:\Users\miel2\OneDrive\Bureau\Université\LOG320\bsaq\new\node_modules\ajv\lib\dot\allOf.jst'

npm manifest: 
  {
    "name": "new",
    "version": "1.0.0",
    "main": "index.js",
    "type": "module",
    "scripts": {
      "dev": "cross-env PAGE_SIZE=10 tsx src/main.ts",
      "dev:full": "cross-env PAGE_SIZE=500 tsx src/main.ts",
      "dev:watch": "cross-env PAGE_SIZE=10 tsx --watch src/main.ts",
      "dev:watch:full": "cross-env PAGE_SIZE=500 tsx --watch src/main.ts",
      "compile": "graphql-codegen -r dotenv/config --config codegen.ts && prisma generate",
      "verify-db": "tsx src/scripts/verify-db.ts",
      "watch": "graphql-codegen -w"
    },
    "license": "MIT",
    "dependencies": {
      "@apollo/client": "^4.0.11",
      "@prisma/adapter-pg": "^7.2.0",
      "@prisma/client": "^7.2.0",
      "dotenv": "^17.2.3",
      "graphql": "^16.12.0",
      "graphql-request": "^7.4.0",
      "pg": "^8.16.3",
      "rxjs": "^7.8.2"
    },
    "devDependencies": {
      "@eslint/js": "^9.39.2",
      "@graphql-codegen/cli": "^6.1.0",
      "@graphql-codegen/client-preset": "^5.2.2",
      "@types/node": "^25.0.3",
      "@types/pg": "^8.16.0",
      "cross-env": "^10.1.0",
      "eslint": "^9.39.2",
      "eslint-config-prettier": "^10.1.8",
      "eslint-plugin-prettier": "^5.5.4",
      "prettier": "^3.7.4",
      "prisma": "^7.2.0",
      "ts-node": "^10.9.2",
      "ts-node-dev": "^2.0.0",
      "tsx": "^4.21.0",
      "typescript": "^5.9.3",
      "typescript-eslint": "^8.50.1"
    }
  }

yarn manifest: 
  No manifest

Lockfile: 
  # THIS IS AN AUTOGENERATED FILE. DO NOT EDIT THIS FILE DIRECTLY.
  # yarn lockfile v1
  
  
  "@apollo/client@^4.0.11":
    version "4.0.11"
    resolved "https://registry.npmjs.org/@apollo/client/-/client-4.0.11.tgz"
    integrity sha512-jyW5j3DEYnFlYA1Lk9Szd7O/od1DptnbZnj03DQXxuQb+Gnop0w/uQxVRKaU7bPhvVuBnlAtZYPOykArX+xWdg==
    dependencies:
      "@graphql-typed-document-node/core" "^3.1.1"
      "@wry/caches" "^1.0.0"
      "@wry/equality" "^0.5.6"
      "@wry/trie" "^0.5.0"
      graphql-tag "^2.12.6"
      optimism "^0.18.0"
      tslib "^2.3.0"
  
  "@ardatan/relay-compiler@^12.0.3":
    version "12.0.3"
    resolved "https://registry.npmjs.org/@ardatan/relay-compiler/-/relay-compiler-12.0.3.tgz"
    integrity sha512-mBDFOGvAoVlWaWqs3hm1AciGHSQE1rqFc/liZTyYz/Oek9yZdT5H26pH2zAFuEiTiBVPPyMuqf5VjOFPI2DGsQ==
    dependencies:
      "@babel/generator" "^7.26.10"
      "@babel/parser" "^7.26.10"
      "@babel/runtime" "^7.26.10"
      chalk "^4.0.0"
      fb-watchman "^2.0.0"
      immutable "~3.7.6"
      invariant "^2.2.4"
      nullthrows "^1.1.1"
      relay-runtime "12.0.0"
      signedsource "^1.0.0"
  
  "@babel/code-frame@^7.0.0", "@babel/code-frame@^7.27.1":
    version "7.27.1"
    resolved "https://registry.npmjs.org/@babel/code-frame/-/code-frame-7.27.1.tgz"
    integrity sha512-cjQ7ZlQ0Mv3b47hABuTevyTuYN4i+loJKGeV9flcCgIK37cCXRh+L1bd3iBHlynerhQ7BhCkn2BPbQUL+rGqFg==
    dependencies:
      "@babel/helper-validator-identifier" "^7.27.1"
      js-tokens "^4.0.0"
      picocolors "^1.1.1"
  
  "@babel/compat-data@^7.27.2":
    version "7.28.5"
    resolved "https://registry.npmjs.org/@babel/compat-data/-/compat-data-7.28.5.tgz"
    integrity sha512-6uFXyCayocRbqhZOB+6XcuZbkMNimwfVGFji8CTZnCzOHVGvDqzvitu1re2AU5LROliz7eQPhB8CpAMvnx9EjA==
  
  "@babel/core@^7.26.10":
    version "7.28.5"
    resolved "https://registry.npmjs.org/@babel/core/-/core-7.28.5.tgz"
    integrity sha512-e7jT4DxYvIDLk1ZHmU/m/mB19rex9sv0c2ftBtjSBv+kVM/902eh0fINUzD7UwLLNR+jU585GxUJ8/EBfAM5fw==
    dependencies:
      "@babel/code-frame" "^7.27.1"
      "@babel/generator" "^7.28.5"
      "@babel/helper-compilation-targets" "^7.27.2"
      "@babel/helper-module-transforms" "^7.28.3"
      "@babel/helpers" "^7.28.4"
      "@babel/parser" "^7.28.5"
      "@babel/template" "^7.27.2"
      "@babel/traverse" "^7.28.5"
      "@babel/types" "^7.28.5"
      "@jridgewell/remapping" "^2.3.5"
      convert-source-map "^2.0.0"
      debug "^4.1.0"
      gensync "^1.0.0-beta.2"
      json5 "^2.2.3"
      semver "^6.3.1"
  
  "@babel/generator@^7.18.13", "@babel/generator@^7.26.10", "@babel/generator@^7.28.5":
    version "7.28.5"
    resolved "https://registry.npmjs.org/@babel/generator/-/generator-7.28.5.tgz"
    integrity sha512-3EwLFhZ38J4VyIP6WNtt2kUdW9dokXA9Cr4IVIFHuCpZ3H8/YFOl5JjZHisrn1fATPBmKKqXzDFvh9fUwHz6CQ==
    dependencies:
      "@babel/parser" "^7.28.5"
      "@babel/types" "^7.28.5"
      "@jridgewell/gen-mapping" "^0.3.12"
      "@jridgewell/trace-mapping" "^0.3.28"
      jsesc "^3.0.2"
  
  "@babel/helper-compilation-targets@^7.27.2":
    version "7.27.2"
    resolved "https://registry.npmjs.org/@babel/helper-compilation-targets/-/helper-compilation-targets-7.27.2.tgz"
    integrity sha512-2+1thGUUWWjLTYTHZWK1n8Yga0ijBz1XAhUXcKy81rd5g6yh7hGqMp45v7cadSbEHc9G3OTv45SyneRN3ps4DQ==
    dependencies:
      "@babel/compat-data" "^7.27.2"
      "@babel/helper-validator-option" "^7.27.1"
      browserslist "^4.24.0"
      lru-cache "^5.1.1"
      semver "^6.3.1"
  
  "@babel/helper-globals@^7.28.0":
    version "7.28.0"
    resolved "https://registry.npmjs.org/@babel/helper-globals/-/helper-globals-7.28.0.tgz"
    integrity sha512-+W6cISkXFa1jXsDEdYA8HeevQT/FULhxzR99pxphltZcVaugps53THCeiWA8SguxxpSp3gKPiuYfSWopkLQ4hw==
  
  "@babel/helper-module-imports@^7.27.1":
    version "7.27.1"
    resolved "https://registry.npmjs.org/@babel/helper-module-imports/-/helper-module-imports-7.27.1.tgz"
    integrity sha512-0gSFWUPNXNopqtIPQvlD5WgXYI5GY2kP2cCvoT8kczjbfcfuIljTbcWrulD1CIPIX2gt1wghbDy08yE1p+/r3w==
    dependencies:
      "@babel/traverse" "^7.27.1"
      "@babel/types" "^7.27.1"
  
  "@babel/helper-module-transforms@^7.28.3":
    version "7.28.3"
    resolved "https://registry.npmjs.org/@babel/helper-module-transforms/-/helper-module-transforms-7.28.3.tgz"
    integrity sha512-gytXUbs8k2sXS9PnQptz5o0QnpLL51SwASIORY6XaBKF88nsOT0Zw9szLqlSGQDP/4TljBAD5y98p2U1fqkdsw==
    dependencies:
      "@babel/helper-module-imports" "^7.27.1"
      "@babel/helper-validator-identifier" "^7.27.1"
      "@babel/traverse" "^7.28.3"
  
  "@babel/helper-plugin-utils@^7.20.2", "@babel/helper-plugin-utils@^7.27.1":
    version "7.27.1"
    resolved "https://registry.npmjs.org/@babel/helper-plugin-utils/-/helper-plugin-utils-7.27.1.tgz"
    integrity sha512-1gn1Up5YXka3YYAHGKpbideQ5Yjf1tDa9qYcgysz+cNCXukyLl6DjPXhD3VRwSb8c0J9tA4b2+rHEZtc6R0tlw==
  
  "@babel/helper-string-parser@^7.27.1":
    version "7.27.1"
    resolved "https://registry.npmjs.org/@babel/helper-string-parser/-/helper-string-parser-7.27.1.tgz"
    integrity sha512-qMlSxKbpRlAridDExk92nSobyDdpPijUq2DW6oDnUqd0iOGxmQjyqhMIihI9+zv4LPyZdRje2cavWPbCbWm3eA==
  
  "@babel/helper-validator-identifier@^7.27.1", "@babel/helper-validator-identifier@^7.28.5":
    version "7.28.5"
    resolved "https://registry.npmjs.org/@babel/helper-validator-identifier/-/helper-validator-identifier-7.28.5.tgz"
    integrity sha512-qSs4ifwzKJSV39ucNjsvc6WVHs6b7S03sOh2OcHF9UHfVPqWWALUsNUVzhSBiItjRZoLHx7nIarVjqKVusUZ1Q==
  
  "@babel/helper-validator-option@^7.27.1":
    version "7.27.1"
    resolved "https://registry.npmjs.org/@babel/helper-validator-option/-/helper-validator-option-7.27.1.tgz"
    integrity sha512-YvjJow9FxbhFFKDSuFnVCe2WxXk1zWc22fFePVNEaWJEu8IrZVlda6N0uHwzZrUM1il7NC9Mlp4MaJYbYd9JSg==
  
  "@babel/helpers@^7.28.4":
    version "7.28.4"
    resolved "https://registry.npmjs.org/@babel/helpers/-/helpers-7.28.4.tgz"
    integrity sha512-HFN59MmQXGHVyYadKLVumYsA9dBFun/ldYxipEjzA4196jpLZd8UjEEBLkbEkvfYreDqJhZxYAWFPtrfhNpj4w==
    dependencies:
      "@babel/template" "^7.27.2"
      "@babel/types" "^7.28.4"
  
  "@babel/parser@^7.26.10", "@babel/parser@^7.27.2", "@babel/parser@^7.28.5":
    version "7.28.5"
    resolved "https://registry.npmjs.org/@babel/parser/-/parser-7.28.5.tgz"
    integrity sha512-KKBU1VGYR7ORr3At5HAtUQ+TV3SzRCXmA/8OdDZiLDBIZxVyzXuztPjfLd3BV1PRAQGCMWWSHYhL0F8d5uHBDQ==
    dependencies:
      "@babel/types" "^7.28.5"
  
  "@babel/plugin-syntax-import-assertions@^7.26.0":
    version "7.27.1"
    resolved "https://registry.npmjs.org/@babel/plugin-syntax-import-assertions/-/plugin-syntax-import-assertions-7.27.1.tgz"
    integrity sha512-UT/Jrhw57xg4ILHLFnzFpPDlMbcdEicaAtjPQpbj9wa8T4r5KVWCimHcL/460g8Ht0DMxDyjsLgiWSkVjnwPFg==
    dependencies:
      "@babel/helper-plugin-utils" "^7.27.1"
  
  "@babel/runtime@^7.0.0", "@babel/runtime@^7.26.10":
    version "7.28.4"
    resolved "https://registry.npmjs.org/@babel/runtime/-/runtime-7.28.4.tgz"
    integrity sha512-Q/N6JNWvIvPnLDvjlE1OUBLPQHH6l3CltCEsHIujp45zQUSSh8K+gHnaEX45yAT1nyngnINhvWtzN+Nb9D8RAQ==
  
  "@babel/template@^7.18.10", "@babel/template@^7.20.7", "@babel/template@^7.27.2":
    version "7.27.2"
    resolved "https://registry.npmjs.org/@babel/template/-/template-7.27.2.tgz"
    integrity sha512-LPDZ85aEJyYSd18/DkjNh4/y1ntkE5KwUHWTiqgRxruuZL2F1yuHligVHLvcHY2vMHXttKFpJn6LwfI7cw7ODw==
    dependencies:
      "@babel/code-frame" "^7.27.1"
      "@babel/parser" "^7.27.2"
      "@babel/types" "^7.27.1"
  
  "@babel/traverse@^7.26.10", "@babel/traverse@^7.27.1", "@babel/traverse@^7.28.3", "@babel/traverse@^7.28.5":
    version "7.28.5"
    resolved "https://registry.npmjs.org/@babel/traverse/-/traverse-7.28.5.tgz"
    integrity sha512-TCCj4t55U90khlYkVV/0TfkJkAkUg3jZFA3Neb7unZT8CPok7iiRfaX0F+WnqWqt7OxhOn0uBKXCw4lbL8W0aQ==
    dependencies:
      "@babel/code-frame" "^7.27.1"
      "@babel/generator" "^7.28.5"
      "@babel/helper-globals" "^7.28.0"
      "@babel/parser" "^7.28.5"
      "@babel/template" "^7.27.2"
      "@babel/types" "^7.28.5"
      debug "^4.3.1"
  
  "@babel/types@^7.18.13", "@babel/types@^7.26.10", "@babel/types@^7.27.1", "@babel/types@^7.28.4", "@babel/types@^7.28.5":
    version "7.28.5"
    resolved "https://registry.npmjs.org/@babel/types/-/types-7.28.5.tgz"
    integrity sha512-qQ5m48eI/MFLQ5PxQj4PFaprjyCTLI37ElWMmNs0K8Lk3dVeOdNpB3ks8jc7yM5CDmVC73eMVk/trk3fgmrUpA==
    dependencies:
      "@babel/helper-string-parser" "^7.27.1"
      "@babel/helper-validator-identifier" "^7.28.5"
  
  "@chevrotain/cst-dts-gen@10.5.0":
    version "10.5.0"
    resolved "https://registry.yarnpkg.com/@chevrotain/cst-dts-gen/-/cst-dts-gen-10.5.0.tgz#922ebd8cc59d97241bb01b1b17561a5c1ae0124e"
    integrity sha512-lhmC/FyqQ2o7pGK4Om+hzuDrm9rhFYIJ/AXoQBeongmn870Xeb0L6oGEiuR8nohFNL5sMaQEJWCxr1oIVIVXrw==
    dependencies:
      "@chevrotain/gast" "10.5.0"
      "@chevrotain/types" "10.5.0"
      lodash "4.17.21"
  
  "@chevrotain/gast@10.5.0":
    version "10.5.0"
    resolved "https://registry.yarnpkg.com/@chevrotain/gast/-/gast-10.5.0.tgz#e4e614bc46d17a8892742f38e56cd33f1f3ad162"
    integrity sha512-pXdMJ9XeDAbgOWKuD1Fldz4ieCs6+nLNmyVhe2gZVqoO7v8HXuHYs5OV2EzUtbuai37TlOAQHrTDvxMnvMJz3A==
    dependencies:
      "@chevrotain/types" "10.5.0"
      lodash "4.17.21"
  
  "@chevrotain/types@10.5.0":
    version "10.5.0"
    resolved "https://registry.yarnpkg.com/@chevrotain/types/-/types-10.5.0.tgz#52a97d74a8cfbc197f054636d93ecd8912d33d21"
    integrity sha512-f1MAia0x/pAVPWH/T73BJVyO2XU5tI4/iE7cnxb7tqdNTNhQI3Uq3XkqcoteTmD4t1aM0LbHCJOhgIDn07kl2A==
  
  "@chevrotain/utils@10.5.0":
    version "10.5.0"
    resolved "https://registry.yarnpkg.com/@chevrotain/utils/-/utils-10.5.0.tgz#0ee36f65b49b447fbac71b9e5af5c5c6c98ac057"
    integrity sha512-hBzuU5+JjB2cqNZyszkDHZgOSrUUT8V3dhgRl8Q9Gp6dAj/H5+KILGjbhDpc3Iy9qmqlm/akuOI2ut9VUtzJxQ==
  
  "@cspotcode/source-map-support@^0.8.0":
    version "0.8.1"
    resolved "https://registry.npmjs.org/@cspotcode/source-map-support/-/source-map-support-0.8.1.tgz"
    integrity sha512-IchNf6dN4tHoMFIn/7OE8LWZ19Y6q/67Bmf6vnGREv8RSbBVb9LPJxEcnwrcwX6ixSvaiGoomAUvu4YSxXrVgw==
    dependencies:
      "@jridgewell/trace-mapping" "0.3.9"
  
  "@electric-sql/pglite-socket@0.0.6":
    version "0.0.6"
    resolved "https://registry.yarnpkg.com/@electric-sql/pglite-socket/-/pglite-socket-0.0.6.tgz#2808e1651a6980ca6b55c6950d06702e00b59815"
    integrity sha512-6RjmgzphIHIBA4NrMGJsjNWK4pu+bCWJlEWlwcxFTVY3WT86dFpKwbZaGWZV6C5Rd7sCk1Z0CI76QEfukLAUXw==
  
  "@electric-sql/pglite-tools@0.2.7":
    version "0.2.7"
    resolved "https://registry.yarnpkg.com/@electric-sql/pglite-tools/-/pglite-tools-0.2.7.tgz#f8a639a60e1fc5a8cd307aae1711db02a7781875"
    integrity sha512-9dAccClqxx4cZB+Ar9B+FZ5WgxDc/Xvl9DPrTWv+dYTf0YNubLzi4wHHRGRGhrJv15XwnyKcGOZAP1VXSneSUg==
  
  "@electric-sql/pglite@0.3.2":
    version "0.3.2"
    resolved "https://registry.yarnpkg.com/@electric-sql/pglite/-/pglite-0.3.2.tgz#1962142ac261aab3c9d54b95c1fe1edc492d6fa0"
    integrity sha512-zfWWa+V2ViDCY/cmUfRqeWY1yLto+EpxjXnZzenB1TyxsTiXaTWeZFIZw6mac52BsuQm0RjCnisjBtdBaXOI6w==
  
  "@envelop/core@^5.2.3", "@envelop/core@^5.3.0", "@envelop/core@^5.4.0":
    version "5.4.0"
    resolved "https://registry.npmjs.org/@envelop/core/-/core-5.4.0.tgz"
    integrity sha512-/1fat63pySE8rw/dZZArEVytLD90JApY85deDJ0/34gm+yhQ3k70CloSUevxoOE4YCGveG3s9SJJfQeeB4NAtQ==
    dependencies:
      "@envelop/instrumentation" "^1.0.0"
      "@envelop/types" "^5.2.1"
      "@whatwg-node/promise-helpers" "^1.2.4"
      tslib "^2.5.0"
  
  "@envelop/instrumentation@^1.0.0":
    version "1.0.0"
    resolved "https://registry.npmjs.org/@envelop/instrumentation/-/instrumentation-1.0.0.tgz"
    integrity sha512-cxgkB66RQB95H3X27jlnxCRNTmPuSTgmBAq6/4n2Dtv4hsk4yz8FadA1ggmd0uZzvKqWD6CR+WFgTjhDqg7eyw==
    dependencies:
      "@whatwg-node/promise-helpers" "^1.2.1"
      tslib "^2.5.0"
  
  "@envelop/types@^5.2.1":
    version "5.2.1"
    resolved "https://registry.npmjs.org/@envelop/types/-/types-5.2.1.tgz"
    integrity sha512-CsFmA3u3c2QoLDTfEpGr4t25fjMU31nyvse7IzWTvb0ZycuPjMjb0fjlheh+PbhBYb9YLugnT2uY6Mwcg1o+Zg==
    dependencies:
      "@whatwg-node/promise-helpers" "^1.0.0"
      tslib "^2.5.0"
  
  "@epic-web/invariant@^1.0.0":
    version "1.0.0"
    resolved "https://registry.npmjs.org/@epic-web/invariant/-/invariant-1.0.0.tgz"
    integrity sha512-lrTPqgvfFQtR/eY/qkIzp98OGdNJu0m5ji3q/nJI8v3SXkRKEnWiOxMmbvcSoAIzv/cGiuvRy57k4suKQSAdwA==
  
  "@esbuild/aix-ppc64@0.27.2":
    version "0.27.2"
    resolved "https://registry.yarnpkg.com/@esbuild/aix-ppc64/-/aix-ppc64-0.27.2.tgz#521cbd968dcf362094034947f76fa1b18d2d403c"
    integrity sha512-GZMB+a0mOMZs4MpDbj8RJp4cw+w1WV5NYD6xzgvzUJ5Ek2jerwfO2eADyI6ExDSUED+1X8aMbegahsJi+8mgpw==
  
  "@esbuild/android-arm64@0.27.2":
    version "0.27.2"
    resolved "https://registry.yarnpkg.com/@esbuild/android-arm64/-/android-arm64-0.27.2.tgz#61ea550962d8aa12a9b33194394e007657a6df57"
    integrity sha512-pvz8ZZ7ot/RBphf8fv60ljmaoydPU12VuXHImtAs0XhLLw+EXBi2BLe3OYSBslR4rryHvweW5gmkKFwTiFy6KA==
  
  "@esbuild/android-arm@0.27.2":
    version "0.27.2"
    resolved "https://registry.yarnpkg.com/@esbuild/android-arm/-/android-arm-0.27.2.tgz#554887821e009dd6d853f972fde6c5143f1de142"
    integrity sha512-DVNI8jlPa7Ujbr1yjU2PfUSRtAUZPG9I1RwW4F4xFB1Imiu2on0ADiI/c3td+KmDtVKNbi+nffGDQMfcIMkwIA==
  
  "@esbuild/android-x64@0.27.2":
    version "0.27.2"
    resolved "https://registry.yarnpkg.com/@esbuild/android-x64/-/android-x64-0.27.2.tgz#a7ce9d0721825fc578f9292a76d9e53334480ba2"
    integrity sha512-z8Ank4Byh4TJJOh4wpz8g2vDy75zFL0TlZlkUkEwYXuPSgX8yzep596n6mT7905kA9uHZsf/o2OJZubl2l3M7A==
  
  "@esbuild/darwin-arm64@0.27.2":
    version "0.27.2"
    resolved "https://registry.yarnpkg.com/@esbuild/darwin-arm64/-/darwin-arm64-0.27.2.tgz#2cb7659bd5d109803c593cfc414450d5430c8256"
    integrity sha512-davCD2Zc80nzDVRwXTcQP/28fiJbcOwvdolL0sOiOsbwBa72kegmVU0Wrh1MYrbuCL98Omp5dVhQFWRKR2ZAlg==
  
  "@esbuild/darwin-x64@0.27.2":
    version "0.27.2"
    resolved "https://registry.yarnpkg.com/@esbuild/darwin-x64/-/darwin-x64-0.27.2.tgz#e741fa6b1abb0cd0364126ba34ca17fd5e7bf509"
    integrity sha512-ZxtijOmlQCBWGwbVmwOF/UCzuGIbUkqB1faQRf5akQmxRJ1ujusWsb3CVfk/9iZKr2L5SMU5wPBi1UWbvL+VQA==
  
  "@esbuild/freebsd-arm64@0.27.2":
    version "0.27.2"
    resolved "https://registry.yarnpkg.com/@esbuild/freebsd-arm64/-/freebsd-arm64-0.27.2.tgz#2b64e7116865ca172d4ce034114c21f3c93e397c"
    integrity sha512-lS/9CN+rgqQ9czogxlMcBMGd+l8Q3Nj1MFQwBZJyoEKI50XGxwuzznYdwcav6lpOGv5BqaZXqvBSiB/kJ5op+g==
  
  "@esbuild/freebsd-x64@0.27.2":
    version "0.27.2"
    resolved "https://registry.yarnpkg.com/@esbuild/freebsd-x64/-/freebsd-x64-0.27.2.tgz#e5252551e66f499e4934efb611812f3820e990bb"
    integrity sha512-tAfqtNYb4YgPnJlEFu4c212HYjQWSO/w/h/lQaBK7RbwGIkBOuNKQI9tqWzx7Wtp7bTPaGC6MJvWI608P3wXYA==
  
  "@esbuild/linux-arm64@0.27.2":
    version "0.27.2"
    resolved "https://registry.yarnpkg.com/@esbuild/linux-arm64/-/linux-arm64-0.27.2.tgz#dc4acf235531cd6984f5d6c3b13dbfb7ddb303cb"
    integrity sha512-hYxN8pr66NsCCiRFkHUAsxylNOcAQaxSSkHMMjcpx0si13t1LHFphxJZUiGwojB1a/Hd5OiPIqDdXONia6bhTw==
  
  "@esbuild/linux-arm@0.27.2":
    version "0.27.2"
    resolved "https://registry.yarnpkg.com/@esbuild/linux-arm/-/linux-arm-0.27.2.tgz#56a900e39240d7d5d1d273bc053daa295c92e322"
    integrity sha512-vWfq4GaIMP9AIe4yj1ZUW18RDhx6EPQKjwe7n8BbIecFtCQG4CfHGaHuh7fdfq+y3LIA2vGS/o9ZBGVxIDi9hw==
  
  "@esbuild/linux-ia32@0.27.2":
    version "0.27.2"
    resolved "https://registry.yarnpkg.com/@esbuild/linux-ia32/-/linux-ia32-0.27.2.tgz#d4a36d473360f6870efcd19d52bbfff59a2ed1cc"
    integrity sha512-MJt5BRRSScPDwG2hLelYhAAKh9imjHK5+NE/tvnRLbIqUWa+0E9N4WNMjmp/kXXPHZGqPLxggwVhz7QP8CTR8w==
  
  "@esbuild/linux-loong64@0.27.2":
    version "0.27.2"
    resolved "https://registry.yarnpkg.com/@esbuild/linux-loong64/-/linux-loong64-0.27.2.tgz#fcf0ab8c3eaaf45891d0195d4961cb18b579716a"
    integrity sha512-lugyF1atnAT463aO6KPshVCJK5NgRnU4yb3FUumyVz+cGvZbontBgzeGFO1nF+dPueHD367a2ZXe1NtUkAjOtg==
  
  "@esbuild/linux-mips64el@0.27.2":
    version "0.27.2"
    resolved "https://registry.yarnpkg.com/@esbuild/linux-mips64el/-/linux-mips64el-0.27.2.tgz#598b67d34048bb7ee1901cb12e2a0a434c381c10"
    integrity sha512-nlP2I6ArEBewvJ2gjrrkESEZkB5mIoaTswuqNFRv/WYd+ATtUpe9Y09RnJvgvdag7he0OWgEZWhviS1OTOKixw==
  
  "@esbuild/linux-ppc64@0.27.2":
    version "0.27.2"
    resolved "https://registry.yarnpkg.com/@esbuild/linux-ppc64/-/linux-ppc64-0.27.2.tgz#3846c5df6b2016dab9bc95dde26c40f11e43b4c0"
    integrity sha512-C92gnpey7tUQONqg1n6dKVbx3vphKtTHJaNG2Ok9lGwbZil6DrfyecMsp9CrmXGQJmZ7iiVXvvZH6Ml5hL6XdQ==
  
  "@esbuild/linux-riscv64@0.27.2":
    version "0.27.2"
    resolved "https://registry.yarnpkg.com/@esbuild/linux-riscv64/-/linux-riscv64-0.27.2.tgz#173d4475b37c8d2c3e1707e068c174bb3f53d07d"
    integrity sha512-B5BOmojNtUyN8AXlK0QJyvjEZkWwy/FKvakkTDCziX95AowLZKR6aCDhG7LeF7uMCXEJqwa8Bejz5LTPYm8AvA==
  
  "@esbuild/linux-s390x@0.27.2":
    version "0.27.2"
    resolved "https://registry.yarnpkg.com/@esbuild/linux-s390x/-/linux-s390x-0.27.2.tgz#f7a4790105edcab8a5a31df26fbfac1aa3dacfab"
    integrity sha512-p4bm9+wsPwup5Z8f4EpfN63qNagQ47Ua2znaqGH6bqLlmJ4bx97Y9JdqxgGZ6Y8xVTixUnEkoKSHcpRlDnNr5w==
  
  "@esbuild/linux-x64@0.27.2":
    version "0.27.2"
    resolved "https://registry.yarnpkg.com/@esbuild/linux-x64/-/linux-x64-0.27.2.tgz#2ecc1284b1904aeb41e54c9ddc7fcd349b18f650"
    integrity sha512-uwp2Tip5aPmH+NRUwTcfLb+W32WXjpFejTIOWZFw/v7/KnpCDKG66u4DLcurQpiYTiYwQ9B7KOeMJvLCu/OvbA==
  
  "@esbuild/netbsd-arm64@0.27.2":
    version "0.27.2"
    resolved "https://registry.yarnpkg.com/@esbuild/netbsd-arm64/-/netbsd-arm64-0.27.2.tgz#e2863c2cd1501845995cb11adf26f7fe4be527b0"
    integrity sha512-Kj6DiBlwXrPsCRDeRvGAUb/LNrBASrfqAIok+xB0LxK8CHqxZ037viF13ugfsIpePH93mX7xfJp97cyDuTZ3cw==
  
  "@esbuild/netbsd-x64@0.27.2":
    version "0.27.2"
    resolved "https://registry.yarnpkg.com/@esbuild/netbsd-x64/-/netbsd-x64-0.27.2.tgz#93f7609e2885d1c0b5a1417885fba8d1fcc41272"
    integrity sha512-HwGDZ0VLVBY3Y+Nw0JexZy9o/nUAWq9MlV7cahpaXKW6TOzfVno3y3/M8Ga8u8Yr7GldLOov27xiCnqRZf0tCA==
  
  "@esbuild/openbsd-arm64@0.27.2":
    version "0.27.2"
    resolved "https://registry.yarnpkg.com/@esbuild/openbsd-arm64/-/openbsd-arm64-0.27.2.tgz#a1985604a203cdc325fd47542e106fafd698f02e"
    integrity sha512-DNIHH2BPQ5551A7oSHD0CKbwIA/Ox7+78/AWkbS5QoRzaqlev2uFayfSxq68EkonB+IKjiuxBFoV8ESJy8bOHA==
  
  "@esbuild/openbsd-x64@0.27.2":
    version "0.27.2"
    resolved "https://registry.yarnpkg.com/@esbuild/openbsd-x64/-/openbsd-x64-0.27.2.tgz#8209e46c42f1ffbe6e4ef77a32e1f47d404ad42a"
    integrity sha512-/it7w9Nb7+0KFIzjalNJVR5bOzA9Vay+yIPLVHfIQYG/j+j9VTH84aNB8ExGKPU4AzfaEvN9/V4HV+F+vo8OEg==
  
  "@esbuild/openharmony-arm64@0.27.2":
    version "0.27.2"
    resolved "https://registry.yarnpkg.com/@esbuild/openharmony-arm64/-/openharmony-arm64-0.27.2.tgz#8fade4441893d9cc44cbd7dcf3776f508ab6fb2f"
    integrity sha512-LRBbCmiU51IXfeXk59csuX/aSaToeG7w48nMwA6049Y4J4+VbWALAuXcs+qcD04rHDuSCSRKdmY63sruDS5qag==
  
  "@esbuild/sunos-x64@0.27.2":
    version "0.27.2"
    resolved "https://registry.yarnpkg.com/@esbuild/sunos-x64/-/sunos-x64-0.27.2.tgz#980d4b9703a16f0f07016632424fc6d9a789dfc2"
    integrity sha512-kMtx1yqJHTmqaqHPAzKCAkDaKsffmXkPHThSfRwZGyuqyIeBvf08KSsYXl+abf5HDAPMJIPnbBfXvP2ZC2TfHg==
  
  "@esbuild/win32-arm64@0.27.2":
    version "0.27.2"
    resolved "https://registry.yarnpkg.com/@esbuild/win32-arm64/-/win32-arm64-0.27.2.tgz#1c09a3633c949ead3d808ba37276883e71f6111a"
    integrity sha512-Yaf78O/B3Kkh+nKABUF++bvJv5Ijoy9AN1ww904rOXZFLWVc5OLOfL56W+C8F9xn5JQZa3UX6m+IktJnIb1Jjg==
  
  "@esbuild/win32-ia32@0.27.2":
    version "0.27.2"
    resolved "https://registry.yarnpkg.com/@esbuild/win32-ia32/-/win32-ia32-0.27.2.tgz#1b1e3a63ad4bef82200fef4e369e0fff7009eee5"
    integrity sha512-Iuws0kxo4yusk7sw70Xa2E2imZU5HoixzxfGCdxwBdhiDgt9vX9VUCBhqcwY7/uh//78A1hMkkROMJq9l27oLQ==
  
  "@esbuild/win32-x64@0.27.2":
    version "0.27.2"
    resolved "https://registry.yarnpkg.com/@esbuild/win32-x64/-/win32-x64-0.27.2.tgz#9e585ab6086bef994c6e8a5b3a0481219ada862b"
    integrity sha512-sRdU18mcKf7F+YgheI/zGf5alZatMUTKj/jNS6l744f9u3WFu4v7twcUI9vu4mknF4Y9aDlblIie0IM+5xxaqQ==
  
  "@eslint-community/eslint-utils@^4.7.0", "@eslint-community/eslint-utils@^4.8.0":
    version "4.9.0"
    resolved "https://registry.npmjs.org/@eslint-community/eslint-utils/-/eslint-utils-4.9.0.tgz"
    integrity sha512-ayVFHdtZ+hsq1t2Dy24wCmGXGe4q9Gu3smhLYALJrr473ZH27MsnSL+LKUlimp4BWJqMDMLmPpx/Q9R3OAlL4g==
    dependencies:
      eslint-visitor-keys "^3.4.3"
  
  "@eslint-community/regexpp@^4.10.0", "@eslint-community/regexpp@^4.12.1":
    version "4.12.2"
    resolved "https://registry.npmjs.org/@eslint-community/regexpp/-/regexpp-4.12.2.tgz"
    integrity sha512-EriSTlt5OC9/7SXkRSCAhfSxxoSUgBm33OH+IkwbdpgoqsSsUg7y3uh+IICI/Qg4BBWr3U2i39RpmycbxMq4ew==
  
  "@eslint/config-array@^0.21.1":
    version "0.21.1"
    resolved "https://registry.npmjs.org/@eslint/config-array/-/config-array-0.21.1.tgz"
    integrity sha512-aw1gNayWpdI/jSYVgzN5pL0cfzU02GT3NBpeT/DXbx1/1x7ZKxFPd9bwrzygx/qiwIQiJ1sw/zD8qY/kRvlGHA==
    dependencies:
      "@eslint/object-schema" "^2.1.7"
      debug "^4.3.1"
      minimatch "^3.1.2"
  
  "@eslint/config-helpers@^0.4.2":
    version "0.4.2"
    resolved "https://registry.npmjs.org/@eslint/config-helpers/-/config-helpers-0.4.2.tgz"
    integrity sha512-gBrxN88gOIf3R7ja5K9slwNayVcZgK6SOUORm2uBzTeIEfeVaIhOpCtTox3P6R7o2jLFwLFTLnC7kU/RGcYEgw==
    dependencies:
      "@eslint/core" "^0.17.0"
  
  "@eslint/core@^0.17.0":
    version "0.17.0"
    resolved "https://registry.npmjs.org/@eslint/core/-/core-0.17.0.tgz"
    integrity sha512-yL/sLrpmtDaFEiUj1osRP4TI2MDz1AddJL+jZ7KSqvBuliN4xqYY54IfdN8qD8Toa6g1iloph1fxQNkjOxrrpQ==
    dependencies:
      "@types/json-schema" "^7.0.15"
  
  "@eslint/eslintrc@^3.3.1":
    version "3.3.3"
    resolved "https://registry.npmjs.org/@eslint/eslintrc/-/eslintrc-3.3.3.tgz"
    integrity sha512-Kr+LPIUVKz2qkx1HAMH8q1q6azbqBAsXJUxBl/ODDuVPX45Z9DfwB8tPjTi6nNZ8BuM3nbJxC5zCAg5elnBUTQ==
    dependencies:
      ajv "^6.12.4"
      debug "^4.3.2"
      espree "^10.0.1"
      globals "^14.0.0"
      ignore "^5.2.0"
      import-fresh "^3.2.1"
      js-yaml "^4.1.1"
      minimatch "^3.1.2"
      strip-json-comments "^3.1.1"
  
  "@eslint/js@9.39.2", "@eslint/js@^9.39.2":
    version "9.39.2"
    resolved "https://registry.npmjs.org/@eslint/js/-/js-9.39.2.tgz"
    integrity sha512-q1mjIoW1VX4IvSocvM/vbTiveKC4k9eLrajNEuSsmjymSDEbpGddtpfOoN7YGAqBK3NG+uqo8ia4PDTt8buCYA==
  
  "@eslint/object-schema@^2.1.7":
    version "2.1.7"
    resolved "https://registry.npmjs.org/@eslint/object-schema/-/object-schema-2.1.7.tgz"
    integrity sha512-VtAOaymWVfZcmZbp6E2mympDIHvyjXs/12LqWYjVw6qjrfF+VK+fyG33kChz3nnK+SU5/NeHOqrTEHS8sXO3OA==
  
  "@eslint/plugin-kit@^0.4.1":
    version "0.4.1"
    resolved "https://registry.npmjs.org/@eslint/plugin-kit/-/plugin-kit-0.4.1.tgz"
    integrity sha512-43/qtrDUokr7LJqoF2c3+RInu/t4zfrpYdoSDfYyhg52rwLV6TnOvdG4fXm7IkSB3wErkcmJS9iEhjVtOSEjjA==
    dependencies:
      "@eslint/core" "^0.17.0"
      levn "^0.4.1"
  
  "@fastify/busboy@^3.1.1":
    version "3.2.0"
    resolved "https://registry.npmjs.org/@fastify/busboy/-/busboy-3.2.0.tgz"
    integrity sha512-m9FVDXU3GT2ITSe0UaMA5rU3QkfC/UXtCU8y0gSN/GugTqtVldOBWIB5V6V3sbmenVZUIpU6f+mPEO2+m5iTaA==
  
  "@graphql-codegen/add@^6.0.0":
    version "6.0.0"
    resolved "https://registry.npmjs.org/@graphql-codegen/add/-/add-6.0.0.tgz"
    integrity sha512-biFdaURX0KTwEJPQ1wkT6BRgNasqgQ5KbCI1a3zwtLtO7XTo7/vKITPylmiU27K5DSOWYnY/1jfSqUAEBuhZrQ==
    dependencies:
      "@graphql-codegen/plugin-helpers" "^6.0.0"
      tslib "~2.6.0"
  
  "@graphql-codegen/cli@^6.1.0":
    version "6.1.0"
    resolved "https://registry.npmjs.org/@graphql-codegen/cli/-/cli-6.1.0.tgz"
    integrity sha512-7w3Zq5IFONVOBcyOiP01Nv9WRxGS/TEaBCAb/ALYA3xHq95dqKCpoGnxt/Ut9R18jiS+aMgT0gc8Tr8sHy44jA==
    dependencies:
      "@babel/generator" "^7.18.13"
      "@babel/template" "^7.18.10"
      "@babel/types" "^7.18.13"
      "@graphql-codegen/client-preset" "^5.2.0"
      "@graphql-codegen/core" "^5.0.0"
      "@graphql-codegen/plugin-helpers" "^6.1.0"
      "@graphql-tools/apollo-engine-loader" "^8.0.0"
      "@graphql-tools/code-file-loader" "^8.0.0"
      "@graphql-tools/git-loader" "^8.0.0"
      "@graphql-tools/github-loader" "^9.0.0"
      "@graphql-tools/graphql-file-loader" "^8.0.0"
      "@graphql-tools/json-file-loader" "^8.0.0"
      "@graphql-tools/load" "^8.1.0"
      "@graphql-tools/url-loader" "^9.0.0"
      "@graphql-tools/utils" "^10.0.0"
      "@inquirer/prompts" "^7.8.2"
      "@whatwg-node/fetch" "^0.10.0"
      chalk "^4.1.0"
      cosmiconfig "^9.0.0"
      debounce "^2.0.0"
      detect-indent "^6.0.0"
      graphql-config "^5.1.1"
      is-glob "^4.0.1"
      jiti "^2.3.0"
      json-to-pretty-yaml "^1.2.2"
      listr2 "^9.0.0"
      log-symbols "^4.0.0"
      micromatch "^4.0.5"
      shell-quote "^1.7.3"
      string-env-interpolation "^1.0.1"
      ts-log "^2.2.3"
      tslib "^2.4.0"
      yaml "^2.3.1"
      yargs "^17.0.0"
  
  "@graphql-codegen/client-preset@^5.2.0", "@graphql-codegen/client-preset@^5.2.2":
    version "5.2.2"
    resolved "https://registry.npmjs.org/@graphql-codegen/client-preset/-/client-preset-5.2.2.tgz"
    integrity sha512-1xufIJZr04ylx0Dnw49m8Jrx1s1kujUNVm+Tp5cPRsQmgPN9VjB7wWY7CGD8ArStv6Vjb0a31Xnm5I+VzZM+Rw==
    dependencies:
      "@babel/helper-plugin-utils" "^7.20.2"
      "@babel/template" "^7.20.7"
      "@graphql-codegen/add" "^6.0.0"
      "@graphql-codegen/gql-tag-operations" "5.1.2"
      "@graphql-codegen/plugin-helpers" "^6.1.0"
      "@graphql-codegen/typed-document-node" "^6.1.5"
      "@graphql-codegen/typescript" "^5.0.7"
      "@graphql-codegen/typescript-operations" "^5.0.7"
      "@graphql-codegen/visitor-plugin-common" "^6.2.2"
      "@graphql-tools/documents" "^1.0.0"
      "@graphql-tools/utils" "^10.0.0"
      "@graphql-typed-document-node/core" "3.2.0"
      tslib "~2.6.0"
  
  "@graphql-codegen/core@^5.0.0":
    version "5.0.0"
    resolved "https://registry.npmjs.org/@graphql-codegen/core/-/core-5.0.0.tgz"
    integrity sha512-vLTEW0m8LbE4xgRwbFwCdYxVkJ1dBlVJbQyLb9Q7bHnVFgHAP982Xo8Uv7FuPBmON+2IbTjkCqhFLHVZbqpvjQ==
    dependencies:
      "@graphql-codegen/plugin-helpers" "^6.0.0"
      "@graphql-tools/schema" "^10.0.0"
      "@graphql-tools/utils" "^10.0.0"
      tslib "~2.6.0"
  
  "@graphql-codegen/gql-tag-operations@5.1.2":
    version "5.1.2"
    resolved "https://registry.npmjs.org/@graphql-codegen/gql-tag-operations/-/gql-tag-operations-5.1.2.tgz"
    integrity sha512-BIv66VJ2bKlpfXBeVakJxihBSKnBIdGFLMaFdnGPxqYlKIzaGffjsGbhViPwwBinmBChW4Se6PU4Py7eysYEiA==
    dependencies:
      "@graphql-codegen/plugin-helpers" "^6.1.0"
      "@graphql-codegen/visitor-plugin-common" "6.2.2"
      "@graphql-tools/utils" "^10.0.0"
      auto-bind "~4.0.0"
      tslib "~2.6.0"
  
  "@graphql-codegen/plugin-helpers@^6.0.0", "@graphql-codegen/plugin-helpers@^6.1.0":
    version "6.1.0"
    resolved "https://registry.npmjs.org/@graphql-codegen/plugin-helpers/-/plugin-helpers-6.1.0.tgz"
    integrity sha512-JJypehWTcty9kxKiqH7TQOetkGdOYjY78RHlI+23qB59cV2wxjFFVf8l7kmuXS4cpGVUNfIjFhVr7A1W7JMtdA==
    dependencies:
      "@graphql-tools/utils" "^10.0.0"
      change-case-all "1.0.15"
      common-tags "1.8.2"
      import-from "4.0.0"
      lodash "~4.17.0"
      tslib "~2.6.0"
  
  "@graphql-codegen/schema-ast@^5.0.0":
    version "5.0.0"
    resolved "https://registry.npmjs.org/@graphql-codegen/schema-ast/-/schema-ast-5.0.0.tgz"
    integrity sha512-jn7Q3PKQc0FxXjbpo9trxzlz/GSFQWxL042l0iC8iSbM/Ar+M7uyBwMtXPsev/3Razk+osQyreghIz0d2+6F7Q==
    dependencies:
      "@graphql-codegen/plugin-helpers" "^6.0.0"
      "@graphql-tools/utils" "^10.0.0"
      tslib "~2.6.0"
  
  "@graphql-codegen/typed-document-node@^6.1.5":
    version "6.1.5"
    resolved "https://registry.npmjs.org/@graphql-codegen/typed-document-node/-/typed-document-node-6.1.5.tgz"
    integrity sha512-6dgEPz+YRMzSPpATj7tsKh/L6Y8OZImiyXIUzvSq/dRAEgoinahrES5y/eZQyc7CVxfoFCyHF9KMQQ9jiLn7lw==
    dependencies:
      "@graphql-codegen/plugin-helpers" "^6.1.0"
      "@graphql-codegen/visitor-plugin-common" "6.2.2"
      auto-bind "~4.0.0"
      change-case-all "1.0.15"
      tslib "~2.6.0"
  
  "@graphql-codegen/typescript-operations@^5.0.7":
    version "5.0.7"
    resolved "https://registry.npmjs.org/@graphql-codegen/typescript-operations/-/typescript-operations-5.0.7.tgz"
    integrity sha512-5N3myNse1putRQlp8+l1k9ayvc98oq2mPJx0zN8MTOlTBxcb2grVPFRLy5wJJjuv9NffpyCkVJ9LvUaf8mqQgg==
    dependencies:
      "@graphql-codegen/plugin-helpers" "^6.1.0"
      "@graphql-codegen/typescript" "^5.0.7"
      "@graphql-codegen/visitor-plugin-common" "6.2.2"
      auto-bind "~4.0.0"
      tslib "~2.6.0"
  
  "@graphql-codegen/typescript@^5.0.7":
    version "5.0.7"
    resolved "https://registry.npmjs.org/@graphql-codegen/typescript/-/typescript-5.0.7.tgz"
    integrity sha512-kZwcu9Iat5RWXxLGPnDbG6qVbGTigF25/aGqCG/DCQ1Al8RufSjVXhIOkJBp7QWAqXn3AupHXL1WTMXP7xs4dQ==
    dependencies:
      "@graphql-codegen/plugin-helpers" "^6.1.0"
      "@graphql-codegen/schema-ast" "^5.0.0"
      "@graphql-codegen/visitor-plugin-common" "6.2.2"
      auto-bind "~4.0.0"
      tslib "~2.6.0"
  
  "@graphql-codegen/visitor-plugin-common@6.2.2", "@graphql-codegen/visitor-plugin-common@^6.2.2":
    version "6.2.2"
    resolved "https://registry.npmjs.org/@graphql-codegen/visitor-plugin-common/-/visitor-plugin-common-6.2.2.tgz"
    integrity sha512-wEJ4zJj58PKlXISItZfr0xIHyM1lAuRfoflPegsb1L17Mx5+YzNOy0WAlLele3yzyV89WvCiprFKMcVQ7KfDXg==
    dependencies:
      "@graphql-codegen/plugin-helpers" "^6.1.0"
      "@graphql-tools/optimize" "^2.0.0"
      "@graphql-tools/relay-operation-optimizer" "^7.0.0"
      "@graphql-tools/utils" "^10.0.0"
      auto-bind "~4.0.0"
      change-case-all "1.0.15"
      dependency-graph "^1.0.0"
      graphql-tag "^2.11.0"
      parse-filepath "^1.0.2"
      tslib "~2.6.0"
  
  "@graphql-hive/signal@^1.0.0":
    version "1.0.0"
    resolved "https://registry.npmjs.org/@graphql-hive/signal/-/signal-1.0.0.tgz"
    integrity sha512-RiwLMc89lTjvyLEivZ/qxAC5nBHoS2CtsWFSOsN35sxG9zoo5Z+JsFHM8MlvmO9yt+MJNIyC5MLE1rsbOphlag==
  
  "@graphql-hive/signal@^2.0.0":
    version "2.0.0"
    resolved "https://registry.npmjs.org/@graphql-hive/signal/-/signal-2.0.0.tgz"
    integrity sha512-Pz8wB3K0iU6ae9S1fWfsmJX24CcGeTo6hE7T44ucmV/ALKRj+bxClmqrYcDT7v3f0d12Rh4FAXBb6gon+WkDpQ==
  
  "@graphql-tools/apollo-engine-loader@^8.0.0":
    version "8.0.27"
    resolved "https://registry.npmjs.org/@graphql-tools/apollo-engine-loader/-/apollo-engine-loader-8.0.27.tgz"
    integrity sha512-XT4BvqmRXkVaT8GgNb9/pr8u4M4vTcvGuI2GlvK+albrJNIV8VxTpsdVYma3kw+VtSIYrxEvLixlfDA/KdmDpg==
    dependencies:
      "@graphql-tools/utils" "^10.11.0"
      "@whatwg-node/fetch" "^0.10.13"
      sync-fetch "0.6.0-2"
      tslib "^2.4.0"
  
  "@graphql-tools/batch-execute@^10.0.4":
    version "10.0.4"
    resolved "https://registry.npmjs.org/@graphql-tools/batch-execute/-/batch-execute-10.0.4.tgz"
    integrity sha512-t8E0ILelbaIju0aNujMkKetUmbv3/07nxGSv0kEGLBk9GNtEmQ/Bjj8ZTo2WN35/Fy70zCHz2F/48Nx/Ec48cA==
    dependencies:
      "@graphql-tools/utils" "^10.10.3"
      "@whatwg-node/promise-helpers" "^1.3.2"
      dataloader "^2.2.3"
      tslib "^2.8.1"
  
  "@graphql-tools/batch-execute@^9.0.19":
    version "9.0.19"
    resolved "https://registry.npmjs.org/@graphql-tools/batch-execute/-/batch-execute-9.0.19.tgz"
    integrity sha512-VGamgY4PLzSx48IHPoblRw0oTaBa7S26RpZXt0Y4NN90ytoE0LutlpB2484RbkfcTjv9wa64QD474+YP1kEgGA==
    dependencies:
      "@graphql-tools/utils" "^10.9.1"
      "@whatwg-node/promise-helpers" "^1.3.0"
      dataloader "^2.2.3"
      tslib "^2.8.1"
  
  "@graphql-tools/code-file-loader@^8.0.0":
    version "8.1.27"
    resolved "https://registry.npmjs.org/@graphql-tools/code-file-loader/-/code-file-loader-8.1.27.tgz"
    integrity sha512-q3GDbm+7m3DiAnqxa+lYMgYZd49+ez6iGFfXHmzP6qAnf5WlBxRNKNjNVuxOgoV30DCr+vOJfoXeU7VN1qqGWQ==
    dependencies:
      "@graphql-tools/graphql-tag-pluck" "8.3.26"
      "@graphql-tools/utils" "^10.11.0"
      globby "^11.0.3"
      tslib "^2.4.0"
      unixify "^1.0.0"
  
  "@graphql-tools/delegate@^10.2.23":
    version "10.2.23"
    resolved "https://registry.npmjs.org/@graphql-tools/delegate/-/delegate-10.2.23.tgz"
    integrity sha512-xrPtl7f1LxS+B6o+W7ueuQh67CwRkfl+UKJncaslnqYdkxKmNBB4wnzVcW8ZsRdwbsla/v43PtwAvSlzxCzq2w==
    dependencies:
      "@graphql-tools/batch-execute" "^9.0.19"
      "@graphql-tools/executor" "^1.4.9"
      "@graphql-tools/schema" "^10.0.25"
      "@graphql-tools/utils" "^10.9.1"
      "@repeaterjs/repeater" "^3.0.6"
      "@whatwg-node/promise-helpers" "^1.3.0"
      dataloader "^2.2.3"
      dset "^3.1.2"
      tslib "^2.8.1"
  
  "@graphql-tools/delegate@^12.0.2":
    version "12.0.2"
    resolved "https://registry.npmjs.org/@graphql-tools/delegate/-/delegate-12.0.2.tgz"
    integrity sha512-1X93onxNgOzRvnZ8Xulwi6gNuBeuDxvGYOjUHEZyesPCsaWsyiVj1Wk6Pw/DTPGLy70sOFUKQGcaZbWnDORM2w==
    dependencies:
      "@graphql-tools/batch-execute" "^10.0.4"
      "@graphql-tools/executor" "^1.4.13"
      "@graphql-tools/schema" "^10.0.29"
      "@graphql-tools/utils" "^10.10.3"
      "@repeaterjs/repeater" "^3.0.6"
      "@whatwg-node/promise-helpers" "^1.3.2"
      dataloader "^2.2.3"
      tslib "^2.8.1"
  
  "@graphql-tools/documents@^1.0.0":
    version "1.0.1"
    resolved "https://registry.npmjs.org/@graphql-tools/documents/-/documents-1.0.1.tgz"
    integrity sha512-aweoMH15wNJ8g7b2r4C4WRuJxZ0ca8HtNO54rkye/3duxTkW4fGBEutCx03jCIr5+a1l+4vFJNP859QnAVBVCA==
    dependencies:
      lodash.sortby "^4.7.0"
      tslib "^2.4.0"
  
  "@graphql-tools/executor-common@^0.0.4":
    version "0.0.4"
    resolved "https://registry.npmjs.org/@graphql-tools/executor-common/-/executor-common-0.0.4.tgz"
    integrity sha512-SEH/OWR+sHbknqZyROCFHcRrbZeUAyjCsgpVWCRjqjqRbiJiXq6TxNIIOmpXgkrXWW/2Ev4Wms6YSGJXjdCs6Q==
    dependencies:
      "@envelop/core" "^5.2.3"
      "@graphql-tools/utils" "^10.8.1"
  
  "@graphql-tools/executor-common@^0.0.6":
    version "0.0.6"
    resolved "https://registry.npmjs.org/@graphql-tools/executor-common/-/executor-common-0.0.6.tgz"
    integrity sha512-JAH/R1zf77CSkpYATIJw+eOJwsbWocdDjY+avY7G+P5HCXxwQjAjWVkJI1QJBQYjPQDVxwf1fmTZlIN3VOadow==
    dependencies:
      "@envelop/core" "^5.3.0"
      "@graphql-tools/utils" "^10.9.1"
  
  "@graphql-tools/executor-common@^1.0.5":
    version "1.0.5"
    resolved "https://registry.npmjs.org/@graphql-tools/executor-common/-/executor-common-1.0.5.tgz"
    integrity sha512-gsBRxP4ui8s7/ppKGCJUQ9xxTNoFpNYmEirgM52EHo74hL5hrpS5o4zOmBH33+9t2ZasBziIfupYtLNa0DgK0g==
    dependencies:
      "@envelop/core" "^5.4.0"
      "@graphql-tools/utils" "^10.10.3"
  
  "@graphql-tools/executor-graphql-ws@^2.0.1":
    version "2.0.7"
    resolved "https://registry.npmjs.org/@graphql-tools/executor-graphql-ws/-/executor-graphql-ws-2.0.7.tgz"
    integrity sha512-J27za7sKF6RjhmvSOwOQFeNhNHyP4f4niqPnerJmq73OtLx9Y2PGOhkXOEB0PjhvPJceuttkD2O1yMgEkTGs3Q==
    dependencies:
      "@graphql-tools/executor-common" "^0.0.6"
      "@graphql-tools/utils" "^10.9.1"
      "@whatwg-node/disposablestack" "^0.0.6"
      graphql-ws "^6.0.6"
      isomorphic-ws "^5.0.0"
      tslib "^2.8.1"
      ws "^8.18.3"
  
  "@graphql-tools/executor-graphql-ws@^3.1.2":
    version "3.1.3"
    resolved "https://registry.npmjs.org/@graphql-tools/executor-graphql-ws/-/executor-graphql-ws-3.1.3.tgz"
    integrity sha512-q4k8KLoH2U51XdWJRdiW/KIKbBOtJ1mcILv0ALvBkOF99C3vwGj2zr4U0AMGCD3HzML2mPZuajhfYo/xB/pnZQ==
    dependencies:
      "@graphql-tools/executor-common" "^1.0.5"
      "@graphql-tools/utils" "^10.10.3"
      "@whatwg-node/disposablestack" "^0.0.6"
      graphql-ws "^6.0.6"
      isows "^1.0.7"
      tslib "^2.8.1"
      ws "^8.18.3"
  
  "@graphql-tools/executor-http@^1.1.9":
    version "1.3.3"
    resolved "https://registry.npmjs.org/@graphql-tools/executor-http/-/executor-http-1.3.3.tgz"
    integrity sha512-LIy+l08/Ivl8f8sMiHW2ebyck59JzyzO/yF9SFS4NH6MJZUezA1xThUXCDIKhHiD56h/gPojbkpcFvM2CbNE7A==
    dependencies:
      "@graphql-hive/signal" "^1.0.0"
      "@graphql-tools/executor-common" "^0.0.4"
      "@graphql-tools/utils" "^10.8.1"
      "@repeaterjs/repeater" "^3.0.4"
      "@whatwg-node/disposablestack" "^0.0.6"
      "@whatwg-node/fetch" "^0.10.4"
      "@whatwg-node/promise-helpers" "^1.3.0"
      meros "^1.2.1"
      tslib "^2.8.1"
  
  "@graphql-tools/executor-http@^3.0.6":
    version "3.0.7"
    resolved "https://registry.npmjs.org/@graphql-tools/executor-http/-/executor-http-3.0.7.tgz"
    integrity sha512-sHjtiUZmRtkjhpSzMhxT2ywAGzHjuB1rHsiaSLAq8U5BQg5WoLakKYD7BajgVHwNbfWEc+NnFiJI7ldyhiciiQ==
    dependencies:
      "@graphql-hive/signal" "^2.0.0"
      "@graphql-tools/executor-common" "^1.0.5"
      "@graphql-tools/utils" "^10.10.3"
      "@repeaterjs/repeater" "^3.0.4"
      "@whatwg-node/disposablestack" "^0.0.6"
      "@whatwg-node/fetch" "^0.10.13"
      "@whatwg-node/promise-helpers" "^1.3.2"
      meros "^1.3.2"
      tslib "^2.8.1"
  
  "@graphql-tools/executor-legacy-ws@^1.1.19", "@graphql-tools/executor-legacy-ws@^1.1.24":
    version "1.1.24"
    resolved "https://registry.npmjs.org/@graphql-tools/executor-legacy-ws/-/executor-legacy-ws-1.1.24.tgz"
    integrity sha512-wfSpOJCxeBcwVXy3JS4TB4oLwVICuVKPlPQhcAjTRPWYwKerE0HosgUzxCX1fEQ4l1B1OMgKWRglGpoXExKqsQ==
    dependencies:
      "@graphql-tools/utils" "^10.11.0"
      "@types/ws" "^8.0.0"
      isomorphic-ws "^5.0.0"
      tslib "^2.4.0"
      ws "^8.17.1"
  
  "@graphql-tools/executor@^1.4.13", "@graphql-tools/executor@^1.4.9":
    version "1.5.0"
    resolved "https://registry.npmjs.org/@graphql-tools/executor/-/executor-1.5.0.tgz"
    integrity sha512-3HzAxfexmynEWwRB56t/BT+xYKEYLGPvJudR1jfs+XZX8bpfqujEhqVFoxmkpEE8BbFcKuBNoQyGkTi1eFJ+hA==
    dependencies:
      "@graphql-tools/utils" "^10.11.0"
      "@graphql-typed-document-node/core" "^3.2.0"
      "@repeaterjs/repeater" "^3.0.4"
      "@whatwg-node/disposablestack" "^0.0.6"
      "@whatwg-node/promise-helpers" "^1.0.0"
      tslib "^2.4.0"
  
  "@graphql-tools/git-loader@^8.0.0":
    version "8.0.31"
    resolved "https://registry.npmjs.org/@graphql-tools/git-loader/-/git-loader-8.0.31.tgz"
    integrity sha512-xVHM1JecjpU2P0aOj/IaIUc3w6It8sWOdrJElWFZdY9yfWRqXFYwfemtsn/JOrJDIJXYeGpJ304OeqJD5vFIEw==
    dependencies:
      "@graphql-tools/graphql-tag-pluck" "8.3.26"
      "@graphql-tools/utils" "^10.11.0"
      is-glob "4.0.3"
      micromatch "^4.0.8"
      tslib "^2.4.0"
      unixify "^1.0.0"
  
  "@graphql-tools/github-loader@^9.0.0":
    version "9.0.5"
    resolved "https://registry.npmjs.org/@graphql-tools/github-loader/-/github-loader-9.0.5.tgz"
    integrity sha512-89FRDQGMlzL3607BCQtJhKEiQaZtTmdAnyC5Hmi9giTQXVzEXBbMEZOU0qILxj64cr+smNBx5XqxQ1xn0uZeEA==
    dependencies:
      "@graphql-tools/executor-http" "^3.0.6"
      "@graphql-tools/graphql-tag-pluck" "^8.3.26"
      "@graphql-tools/utils" "^10.11.0"
      "@whatwg-node/fetch" "^0.10.13"
      "@whatwg-node/promise-helpers" "^1.0.0"
      sync-fetch "0.6.0-2"
      tslib "^2.4.0"
  
  "@graphql-tools/graphql-file-loader@^8.0.0":
    version "8.1.8"
    resolved "https://registry.npmjs.org/@graphql-tools/graphql-file-loader/-/graphql-file-loader-8.1.8.tgz"
    integrity sha512-dZi9Cw+NWEzJAqzIUON9qjZfjebjcoT4H6jqLkEoAv6kRtTq52m4BLXgFWjMHU7PNLE9OOHB9St7UeZQL+GYrw==
    dependencies:
      "@graphql-tools/import" "7.1.8"
      "@graphql-tools/utils" "^10.11.0"
      globby "^11.0.3"
      tslib "^2.4.0"
      unixify "^1.0.0"
  
  "@graphql-tools/graphql-tag-pluck@8.3.26", "@graphql-tools/graphql-tag-pluck@^8.3.26":
    version "8.3.26"
    resolved "https://registry.npmjs.org/@graphql-tools/graphql-tag-pluck/-/graphql-tag-pluck-8.3.26.tgz"
    integrity sha512-hLsX++KA3YR/PnNJGBq1weSAY8XUUAQFfOSHanLHA2qs5lcNgU6KWbiLiRsJ/B/ZNi2ZO687dhzeZ4h4Yt0V6Q==
    dependencies:
      "@babel/core" "^7.26.10"
      "@babel/parser" "^7.26.10"
      "@babel/plugin-syntax-import-assertions" "^7.26.0"
      "@babel/traverse" "^7.26.10"
      "@babel/types" "^7.26.10"
      "@graphql-tools/utils" "^10.11.0"
      tslib "^2.4.0"
  
  "@graphql-tools/import@7.1.8":
    version "7.1.8"
    resolved "https://registry.npmjs.org/@graphql-tools/import/-/import-7.1.8.tgz"
    integrity sha512-aUKHMbaeHhCkS867mNCk9sJuvd9xE3Ocr+alwdvILkDxHf7Xaumx4mK8tN9FAXeKhQWGGD5QpkIBnUzt2xoX/A==
    dependencies:
      "@graphql-tools/utils" "^10.11.0"
      "@theguild/federation-composition" "^0.21.0"
      resolve-from "5.0.0"
      tslib "^2.4.0"
  
  "@graphql-tools/json-file-loader@^8.0.0":
    version "8.0.25"
    resolved "https://registry.npmjs.org/@graphql-tools/json-file-loader/-/json-file-loader-8.0.25.tgz"
    integrity sha512-Dnr9z818Kdn3rfoZO/+/ZQUqWavjV7AhEp4edV1mGsX+J1HFkNC3WMl6MD3W0hth2HWLQpCFJDdOPnchxnFNfA==
    dependencies:
      "@graphql-tools/utils" "^10.11.0"
      globby "^11.0.3"
      tslib "^2.4.0"
      unixify "^1.0.0"
  
  "@graphql-tools/load@^8.1.0":
    version "8.1.7"
    resolved "https://registry.npmjs.org/@graphql-tools/load/-/load-8.1.7.tgz"
    integrity sha512-RxrHOC4vVI50+Q1mwgpmTVCB/UDDYVEGD/g/hP3tT2BW9F3rJ7Z3Lmt/nGfPQuWPao3w6vgJ9oSAWtism7CU5w==
    dependencies:
      "@graphql-tools/schema" "^10.0.30"
      "@graphql-tools/utils" "^10.11.0"
      p-limit "3.1.0"
      tslib "^2.4.0"
  
  "@graphql-tools/merge@^9.0.0", "@graphql-tools/merge@^9.1.6":
    version "9.1.6"
    resolved "https://registry.npmjs.org/@graphql-tools/merge/-/merge-9.1.6.tgz"
    integrity sha512-bTnP+4oom4nDjmkS3Ykbe+ljAp/RIiWP3R35COMmuucS24iQxGLa9Hn8VMkLIoaoPxgz6xk+dbC43jtkNsFoBw==
    dependencies:
      "@graphql-tools/utils" "^10.11.0"
      tslib "^2.4.0"
  
  "@graphql-tools/optimize@^2.0.0":
    version "2.0.0"
    resolved "https://registry.npmjs.org/@graphql-tools/optimize/-/optimize-2.0.0.tgz"
    integrity sha512-nhdT+CRGDZ+bk68ic+Jw1OZ99YCDIKYA5AlVAnBHJvMawSx9YQqQAIj4refNc1/LRieGiuWvhbG3jvPVYho0Dg==
    dependencies:
      tslib "^2.4.0"
  
  "@graphql-tools/relay-operation-optimizer@^7.0.0":
    version "7.0.26"
    resolved "https://registry.npmjs.org/@graphql-tools/relay-operation-optimizer/-/relay-operation-optimizer-7.0.26.tgz"
    integrity sha512-cVdS2Hw4hg/WgPVV2wRIzZM975pW5k4vdih3hR4SvEDQVr6MmozmlTQSqzMyi9yg8LKTq540Oz3bYQa286yGmg==
    dependencies:
      "@ardatan/relay-compiler" "^12.0.3"
      "@graphql-tools/utils" "^10.11.0"
      tslib "^2.4.0"
  
  "@graphql-tools/schema@^10.0.0", "@graphql-tools/schema@^10.0.25", "@graphql-tools/schema@^10.0.29", "@graphql-tools/schema@^10.0.30":
    version "10.0.30"
    resolved "https://registry.npmjs.org/@graphql-tools/schema/-/schema-10.0.30.tgz"
    integrity sha512-yPXU17uM/LR90t92yYQqn9mAJNOVZJc0nQtYeZyZeQZeQjwIGlTubvvoDL0fFVk+wZzs4YQOgds2NwSA4npodA==
    dependencies:
      "@graphql-tools/merge" "^9.1.6"
      "@graphql-tools/utils" "^10.11.0"
      tslib "^2.4.0"
  
  "@graphql-tools/url-loader@^8.0.0":
    version "8.0.33"
    resolved "https://registry.npmjs.org/@graphql-tools/url-loader/-/url-loader-8.0.33.tgz"
    integrity sha512-Fu626qcNHcqAj8uYd7QRarcJn5XZ863kmxsg1sm0fyjyfBJnsvC7ddFt6Hayz5kxVKfsnjxiDfPMXanvsQVBKw==
    dependencies:
      "@graphql-tools/executor-graphql-ws" "^2.0.1"
      "@graphql-tools/executor-http" "^1.1.9"
      "@graphql-tools/executor-legacy-ws" "^1.1.19"
      "@graphql-tools/utils" "^10.9.1"
      "@graphql-tools/wrap" "^10.0.16"
      "@types/ws" "^8.0.0"
      "@whatwg-node/fetch" "^0.10.0"
      "@whatwg-node/promise-helpers" "^1.0.0"
      isomorphic-ws "^5.0.0"
      sync-fetch "0.6.0-2"
      tslib "^2.4.0"
      ws "^8.17.1"
  
  "@graphql-tools/url-loader@^9.0.0":
    version "9.0.5"
    resolved "https://registry.npmjs.org/@graphql-tools/url-loader/-/url-loader-9.0.5.tgz"
    integrity sha512-EPNhZBBL48TudLdyenOw1wV9dI7vsinWLLxSTtkx4zUQxmU+p/LxMyf7MUwjmp3yFZhR/9XchsTZX6uvOyXWqA==
    dependencies:
      "@graphql-tools/executor-graphql-ws" "^3.1.2"
      "@graphql-tools/executor-http" "^3.0.6"
      "@graphql-tools/executor-legacy-ws" "^1.1.24"
      "@graphql-tools/utils" "^10.11.0"
      "@graphql-tools/wrap" "^11.0.0"
      "@types/ws" "^8.0.0"
      "@whatwg-node/fetch" "^0.10.13"
      "@whatwg-node/promise-helpers" "^1.0.0"
      isomorphic-ws "^5.0.0"
      sync-fetch "0.6.0-2"
      tslib "^2.4.0"
      ws "^8.17.1"
  
  "@graphql-tools/utils@^10.0.0", "@graphql-tools/utils@^10.10.3", "@graphql-tools/utils@^10.11.0", "@graphql-tools/utils@^10.8.1", "@graphql-tools/utils@^10.9.1":
    version "10.11.0"
    resolved "https://registry.npmjs.org/@graphql-tools/utils/-/utils-10.11.0.tgz"
    integrity sha512-iBFR9GXIs0gCD+yc3hoNswViL1O5josI33dUqiNStFI/MHLCEPduasceAcazRH77YONKNiviHBV8f7OgcT4o2Q==
    dependencies:
      "@graphql-typed-document-node/core" "^3.1.1"
      "@whatwg-node/promise-helpers" "^1.0.0"
      cross-inspect "1.0.1"
      tslib "^2.4.0"
  
  "@graphql-tools/wrap@^10.0.16":
    version "10.1.4"
    resolved "https://registry.npmjs.org/@graphql-tools/wrap/-/wrap-10.1.4.tgz"
    integrity sha512-7pyNKqXProRjlSdqOtrbnFRMQAVamCmEREilOXtZujxY6kYit3tvWWSjUrcIOheltTffoRh7EQSjpy2JDCzasg==
    dependencies:
      "@graphql-tools/delegate" "^10.2.23"
      "@graphql-tools/schema" "^10.0.25"
      "@graphql-tools/utils" "^10.9.1"
      "@whatwg-node/promise-helpers" "^1.3.0"
      tslib "^2.8.1"
  
  "@graphql-tools/wrap@^11.0.0":
    version "11.1.2"
    resolved "https://registry.npmjs.org/@graphql-tools/wrap/-/wrap-11.1.2.tgz"
    integrity sha512-TcKZzUzJNmuyMBQ1oMdnxhBUUacN/5VEJu0/1KVce2aIzCwTTaN9JTU3MgjO7l5Ixn4QLkc6XbxYNv0cHDQgtQ==
    dependencies:
      "@graphql-tools/delegate" "^12.0.2"
      "@graphql-tools/schema" "^10.0.29"
      "@graphql-tools/utils" "^10.10.3"
      "@whatwg-node/promise-helpers" "^1.3.2"
      tslib "^2.8.1"
  
  "@graphql-typed-document-node/core@3.2.0", "@graphql-typed-document-node/core@^3.1.1", "@graphql-typed-document-node/core@^3.2.0":
    version "3.2.0"
    resolved "https://registry.npmjs.org/@graphql-typed-document-node/core/-/core-3.2.0.tgz"
    integrity sha512-mB9oAsNCm9aM3/SOv4YtBMqZbYj10R7dkq8byBqxGY/ncFwhf2oQzMV+LCRlWoDSEBJ3COiR1yeDvMtsoOsuFQ==
  
  "@hono/node-server@1.19.6":
    version "1.19.6"
    resolved "https://registry.yarnpkg.com/@hono/node-server/-/node-server-1.19.6.tgz#44ec78607f37d3deb9476937049c721c7dc79390"
    integrity sha512-Shz/KjlIeAhfiuE93NDKVdZ7HdBVLQAfdbaXEaoAVO3ic9ibRSLGIQGkcBbFyuLr+7/1D5ZCINM8B+6IvXeMtw==
  
  "@humanfs/core@^0.19.1":
    version "0.19.1"
    resolved "https://registry.npmjs.org/@humanfs/core/-/core-0.19.1.tgz"
    integrity sha512-5DyQ4+1JEUzejeK1JGICcideyfUbGixgS9jNgex5nqkW+cY7WZhxBigmieN5Qnw9ZosSNVC9KQKyb+GUaGyKUA==
  
  "@humanfs/node@^0.16.6":
    version "0.16.7"
    resolved "https://registry.npmjs.org/@humanfs/node/-/node-0.16.7.tgz"
    integrity sha512-/zUx+yOsIrG4Y43Eh2peDeKCxlRt/gET6aHfaKpuq267qXdYDFViVHfMaLyygZOnl0kGWxFIgsBy8QFuTLUXEQ==
    dependencies:
      "@humanfs/core" "^0.19.1"
      "@humanwhocodes/retry" "^0.4.0"
  
  "@humanwhocodes/module-importer@^1.0.1":
    version "1.0.1"
    resolved "https://registry.npmjs.org/@humanwhocodes/module-importer/-/module-importer-1.0.1.tgz"
    integrity sha512-bxveV4V8v5Yb4ncFTT3rPSgZBOpCkjfK0y4oVVVJwIuDVBRMDXrPyXRL988i5ap9m9bnyEEjWfm5WkBmtffLfA==
  
  "@humanwhocodes/retry@^0.4.0", "@humanwhocodes/retry@^0.4.2":
    version "0.4.3"
    resolved "https://registry.npmjs.org/@humanwhocodes/retry/-/retry-0.4.3.tgz"
    integrity sha512-bV0Tgo9K4hfPCek+aMAn81RppFKv2ySDQeMoSZuvTASywNTnVJCArCZE2FWqpvIatKu7VMRLWlR1EazvVhDyhQ==
  
  "@inquirer/ansi@^1.0.2":
    version "1.0.2"
    resolved "https://registry.npmjs.org/@inquirer/ansi/-/ansi-1.0.2.tgz"
    integrity sha512-S8qNSZiYzFd0wAcyG5AXCvUHC5Sr7xpZ9wZ2py9XR88jUz8wooStVx5M6dRzczbBWjic9NP7+rY0Xi7qqK/aMQ==
  
  "@inquirer/checkbox@^4.3.2":
    version "4.3.2"
    resolved "https://registry.npmjs.org/@inquirer/checkbox/-/checkbox-4.3.2.tgz"
    integrity sha512-VXukHf0RR1doGe6Sm4F0Em7SWYLTHSsbGfJdS9Ja2bX5/D5uwVOEjr07cncLROdBvmnvCATYEWlHqYmXv2IlQA==
    dependencies:
      "@inquirer/ansi" "^1.0.2"
      "@inquirer/core" "^10.3.2"
      "@inquirer/figures" "^1.0.15"
      "@inquirer/type" "^3.0.10"
      yoctocolors-cjs "^2.1.3"
  
  "@inquirer/confirm@^5.1.21":
    version "5.1.21"
    resolved "https://registry.npmjs.org/@inquirer/confirm/-/confirm-5.1.21.tgz"
    integrity sha512-KR8edRkIsUayMXV+o3Gv+q4jlhENF9nMYUZs9PA2HzrXeHI8M5uDag70U7RJn9yyiMZSbtF5/UexBtAVtZGSbQ==
    dependencies:
      "@inquirer/core" "^10.3.2"
      "@inquirer/type" "^3.0.10"
  
  "@inquirer/core@^10.3.2":
    version "10.3.2"
    resolved "https://registry.npmjs.org/@inquirer/core/-/core-10.3.2.tgz"
    integrity sha512-43RTuEbfP8MbKzedNqBrlhhNKVwoK//vUFNW3Q3vZ88BLcrs4kYpGg+B2mm5p2K/HfygoCxuKwJJiv8PbGmE0A==
    dependencies:
      "@inquirer/ansi" "^1.0.2"
      "@inquirer/figures" "^1.0.15"
      "@inquirer/type" "^3.0.10"
      cli-width "^4.1.0"
      mute-stream "^2.0.0"
      signal-exit "^4.1.0"
      wrap-ansi "^6.2.0"
      yoctocolors-cjs "^2.1.3"
  
  "@inquirer/editor@^4.2.23":
    version "4.2.23"
    resolved "https://registry.npmjs.org/@inquirer/editor/-/editor-4.2.23.tgz"
    integrity sha512-aLSROkEwirotxZ1pBaP8tugXRFCxW94gwrQLxXfrZsKkfjOYC1aRvAZuhpJOb5cu4IBTJdsCigUlf2iCOu4ZDQ==
    dependencies:
      "@inquirer/core" "^10.3.2"
      "@inquirer/external-editor" "^1.0.3"
      "@inquirer/type" "^3.0.10"
  
  "@inquirer/expand@^4.0.23":
    version "4.0.23"
    resolved "https://registry.npmjs.org/@inquirer/expand/-/expand-4.0.23.tgz"
    integrity sha512-nRzdOyFYnpeYTTR2qFwEVmIWypzdAx/sIkCMeTNTcflFOovfqUk+HcFhQQVBftAh9gmGrpFj6QcGEqrDMDOiew==
    dependencies:
      "@inquirer/core" "^10.3.2"
      "@inquirer/type" "^3.0.10"
      yoctocolors-cjs "^2.1.3"
  
  "@inquirer/external-editor@^1.0.3":
    version "1.0.3"
    resolved "https://registry.npmjs.org/@inquirer/external-editor/-/external-editor-1.0.3.tgz"
    integrity sha512-RWbSrDiYmO4LbejWY7ttpxczuwQyZLBUyygsA9Nsv95hpzUWwnNTVQmAq3xuh7vNwCp07UTmE5i11XAEExx4RA==
    dependencies:
      chardet "^2.1.1"
      iconv-lite "^0.7.0"
  
  "@inquirer/figures@^1.0.15":
    version "1.0.15"
    resolved "https://registry.npmjs.org/@inquirer/figures/-/figures-1.0.15.tgz"
    integrity sha512-t2IEY+unGHOzAaVM5Xx6DEWKeXlDDcNPeDyUpsRc6CUhBfU3VQOEl+Vssh7VNp1dR8MdUJBWhuObjXCsVpjN5g==
  
  "@inquirer/input@^4.3.1":
    version "4.3.1"
    resolved "https://registry.npmjs.org/@inquirer/input/-/input-4.3.1.tgz"
    integrity sha512-kN0pAM4yPrLjJ1XJBjDxyfDduXOuQHrBB8aLDMueuwUGn+vNpF7Gq7TvyVxx8u4SHlFFj4trmj+a2cbpG4Jn1g==
    dependencies:
      "@inquirer/core" "^10.3.2"
      "@inquirer/type" "^3.0.10"
  
  "@inquirer/number@^3.0.23":
    version "3.0.23"
    resolved "https://registry.npmjs.org/@inquirer/number/-/number-3.0.23.tgz"
    integrity sha512-5Smv0OK7K0KUzUfYUXDXQc9jrf8OHo4ktlEayFlelCjwMXz0299Y8OrI+lj7i4gCBY15UObk76q0QtxjzFcFcg==
    dependencies:
      "@inquirer/core" "^10.3.2"
      "@inquirer/type" "^3.0.10"
  
  "@inquirer/password@^4.0.23":
    version "4.0.23"
    resolved "https://registry.npmjs.org/@inquirer/password/-/password-4.0.23.tgz"
    integrity sha512-zREJHjhT5vJBMZX/IUbyI9zVtVfOLiTO66MrF/3GFZYZ7T4YILW5MSkEYHceSii/KtRk+4i3RE7E1CUXA2jHcA==
    dependencies:
      "@inquirer/ansi" "^1.0.2"
      "@inquirer/core" "^10.3.2"
      "@inquirer/type" "^3.0.10"
  
  "@inquirer/prompts@^7.8.2":
    version "7.10.1"
    resolved "https://registry.npmjs.org/@inquirer/prompts/-/prompts-7.10.1.tgz"
    integrity sha512-Dx/y9bCQcXLI5ooQ5KyvA4FTgeo2jYj/7plWfV5Ak5wDPKQZgudKez2ixyfz7tKXzcJciTxqLeK7R9HItwiByg==
    dependencies:
      "@inquirer/checkbox" "^4.3.2"
      "@inquirer/confirm" "^5.1.21"
      "@inquirer/editor" "^4.2.23"
      "@inquirer/expand" "^4.0.23"
      "@inquirer/input" "^4.3.1"
      "@inquirer/number" "^3.0.23"
      "@inquirer/password" "^4.0.23"
      "@inquirer/rawlist" "^4.1.11"
      "@inquirer/search" "^3.2.2"
      "@inquirer/select" "^4.4.2"
  
  "@inquirer/rawlist@^4.1.11":
    version "4.1.11"
    resolved "https://registry.npmjs.org/@inquirer/rawlist/-/rawlist-4.1.11.tgz"
    integrity sha512-+LLQB8XGr3I5LZN/GuAHo+GpDJegQwuPARLChlMICNdwW7OwV2izlCSCxN6cqpL0sMXmbKbFcItJgdQq5EBXTw==
    dependencies:
      "@inquirer/core" "^10.3.2"
      "@inquirer/type" "^3.0.10"
      yoctocolors-cjs "^2.1.3"
  
  "@inquirer/search@^3.2.2":
    version "3.2.2"
    resolved "https://registry.npmjs.org/@inquirer/search/-/search-3.2.2.tgz"
    integrity sha512-p2bvRfENXCZdWF/U2BXvnSI9h+tuA8iNqtUKb9UWbmLYCRQxd8WkvwWvYn+3NgYaNwdUkHytJMGG4MMLucI1kA==
    dependencies:
      "@inquirer/core" "^10.3.2"
      "@inquirer/figures" "^1.0.15"
      "@inquirer/type" "^3.0.10"
      yoctocolors-cjs "^2.1.3"
  
  "@inquirer/select@^4.4.2":
    version "4.4.2"
    resolved "https://registry.npmjs.org/@inquirer/select/-/select-4.4.2.tgz"
    integrity sha512-l4xMuJo55MAe+N7Qr4rX90vypFwCajSakx59qe/tMaC1aEHWLyw68wF4o0A4SLAY4E0nd+Vt+EyskeDIqu1M6w==
    dependencies:
      "@inquirer/ansi" "^1.0.2"
      "@inquirer/core" "^10.3.2"
      "@inquirer/figures" "^1.0.15"
      "@inquirer/type" "^3.0.10"
      yoctocolors-cjs "^2.1.3"
  
  "@inquirer/type@^3.0.10":
    version "3.0.10"
    resolved "https://registry.npmjs.org/@inquirer/type/-/type-3.0.10.tgz"
    integrity sha512-BvziSRxfz5Ov8ch0z/n3oijRSEcEsHnhggm4xFZe93DHcUCTlutlq9Ox4SVENAfcRD22UQq7T/atg9Wr3k09eA==
  
  "@jridgewell/gen-mapping@^0.3.12", "@jridgewell/gen-mapping@^0.3.5":
    version "0.3.13"
    resolved "https://registry.npmjs.org/@jridgewell/gen-mapping/-/gen-mapping-0.3.13.tgz"
    integrity sha512-2kkt/7niJ6MgEPxF0bYdQ6etZaA+fQvDcLKckhy1yIQOzaoKjBBjSj63/aLVjYE3qhRt5dvM+uUyfCg6UKCBbA==
    dependencies:
      "@jridgewell/sourcemap-codec" "^1.5.0"
      "@jridgewell/trace-mapping" "^0.3.24"
  
  "@jridgewell/remapping@^2.3.5":
    version "2.3.5"
    resolved "https://registry.npmjs.org/@jridgewell/remapping/-/remapping-2.3.5.tgz"
    integrity sha512-LI9u/+laYG4Ds1TDKSJW2YPrIlcVYOwi2fUC6xB43lueCjgxV4lffOCZCtYFiH6TNOX+tQKXx97T4IKHbhyHEQ==
    dependencies:
      "@jridgewell/gen-mapping" "^0.3.5"
      "@jridgewell/trace-mapping" "^0.3.24"
  
  "@jridgewell/resolve-uri@^3.0.3", "@jridgewell/resolve-uri@^3.1.0":
    version "3.1.2"
    resolved "https://registry.npmjs.org/@jridgewell/resolve-uri/-/resolve-uri-3.1.2.tgz"
    integrity sha512-bRISgCIjP20/tbWSPWMEi54QVPRZExkuD9lJL+UIxUKtwVJA8wW1Trb1jMs1RFXo1CBTNZ/5hpC9QvmKWdopKw==
  
  "@jridgewell/sourcemap-codec@^1.4.10", "@jridgewell/sourcemap-codec@^1.4.14", "@jridgewell/sourcemap-codec@^1.5.0":
    version "1.5.5"
    resolved "https://registry.npmjs.org/@jridgewell/sourcemap-codec/-/sourcemap-codec-1.5.5.tgz"
    integrity sha512-cYQ9310grqxueWbl+WuIUIaiUaDcj7WOq5fVhEljNVgRfOUhY9fy2zTvfoqWsnebh8Sl70VScFbICvJnLKB0Og==
  
  "@jridgewell/trace-mapping@0.3.9":
    version "0.3.9"
    resolved "https://registry.npmjs.org/@jridgewell/trace-mapping/-/trace-mapping-0.3.9.tgz"
    integrity sha512-3Belt6tdc8bPgAtbcmdtNJlirVoTmEb5e2gC94PnkwEW9jI6CAHUeoG85tjWP5WquqfavoMtMwiG4P926ZKKuQ==
    dependencies:
      "@jridgewell/resolve-uri" "^3.0.3"
      "@jridgewell/sourcemap-codec" "^1.4.10"
  
  "@jridgewell/trace-mapping@^0.3.24", "@jridgewell/trace-mapping@^0.3.28":
    version "0.3.31"
    resolved "https://registry.npmjs.org/@jridgewell/trace-mapping/-/trace-mapping-0.3.31.tgz"
    integrity sha512-zzNR+SdQSDJzc8joaeP8QQoCQr8NuYx2dIIytl1QeBEZHJ9uW6hebsrYgbz8hJwUQao3TWCMtmfV8Nu1twOLAw==
    dependencies:
      "@jridgewell/resolve-uri" "^3.1.0"
      "@jridgewell/sourcemap-codec" "^1.4.14"
  
  "@mrleebo/prisma-ast@0.12.1":
    version "0.12.1"
    resolved "https://registry.yarnpkg.com/@mrleebo/prisma-ast/-/prisma-ast-0.12.1.tgz#cb1cac178d98e351b6f300981abc1ffeb28f7cdd"
    integrity sha512-JwqeCQ1U3fvccttHZq7Tk0m/TMC6WcFAQZdukypW3AzlJYKYTGNVd1ANU2GuhKnv4UQuOFj3oAl0LLG/gxFN1w==
    dependencies:
      chevrotain "^10.5.0"
      lilconfig "^2.1.0"
  
  "@nodelib/fs.scandir@2.1.5":
    version "2.1.5"
    resolved "https://registry.npmjs.org/@nodelib/fs.scandir/-/fs.scandir-2.1.5.tgz"
    integrity sha512-vq24Bq3ym5HEQm2NKCr3yXDwjc7vTsEThRDnkp2DK9p1uqLR+DHurm/NOTo0KG7HYHU7eppKZj3MyqYuMBf62g==
    dependencies:
      "@nodelib/fs.stat" "2.0.5"
      run-parallel "^1.1.9"
  
  "@nodelib/fs.stat@2.0.5", "@nodelib/fs.stat@^2.0.2":
    version "2.0.5"
    resolved "https://registry.npmjs.org/@nodelib/fs.stat/-/fs.stat-2.0.5.tgz"
    integrity sha512-RkhPPp2zrqDAQA/2jNhnztcPAlv64XdhIp7a7454A5ovI7Bukxgt7MX7udwAu3zg1DcpPU0rz3VV1SeaqvY4+A==
  
  "@nodelib/fs.walk@^1.2.3":
    version "1.2.8"
    resolved "https://registry.npmjs.org/@nodelib/fs.walk/-/fs.walk-1.2.8.tgz"
    integrity sha512-oGB+UxlgWcgQkgwo8GcEGwemoTFt3FIO9ababBmaGwXIoBKZ+GTy0pP185beGg7Llih/NSHSV2XAs1lnznocSg==
    dependencies:
      "@nodelib/fs.scandir" "2.1.5"
      fastq "^1.6.0"
  
  "@pkgr/core@^0.2.9":
    version "0.2.9"
    resolved "https://registry.npmjs.org/@pkgr/core/-/core-0.2.9.tgz"
    integrity sha512-QNqXyfVS2wm9hweSYD2O7F0G06uurj9kZ96TRQE5Y9hU7+tgdZwIkbAKc5Ocy1HxEY2kuDQa6cQ1WRs/O5LFKA==
  
  "@prisma/adapter-pg@^7.2.0":
    version "7.2.0"
    resolved "https://registry.yarnpkg.com/@prisma/adapter-pg/-/adapter-pg-7.2.0.tgz#a956ae4b6b168ed2e1c687a0b45e0d1633959bf0"
    integrity sha512-euIdQ13cRB2wZ3jPsnDnFhINquo1PYFPCg6yVL8b2rp3EdinQHsX9EDdCtRr489D5uhphcRk463OdQAFlsCr0w==
    dependencies:
      "@prisma/driver-adapter-utils" "7.2.0"
      pg "^8.16.3"
      postgres-array "3.0.4"
  
  "@prisma/client-runtime-utils@7.2.0":
    version "7.2.0"
    resolved "https://registry.yarnpkg.com/@prisma/client-runtime-utils/-/client-runtime-utils-7.2.0.tgz#b17c9667d0d857988f6dadf3d6fbacf787ee3109"
    integrity sha512-dn7oB53v0tqkB0wBdMuTNFNPdEbfICEUe82Tn9FoKAhJCUkDH+fmyEp0ClciGh+9Hp2Tuu2K52kth2MTLstvmA==
  
  "@prisma/client@^7.2.0":
    version "7.2.0"
    resolved "https://registry.yarnpkg.com/@prisma/client/-/client-7.2.0.tgz#75681fe23843093d3b07730aaddc654ae12fbc0e"
    integrity sha512-JdLF8lWZ+LjKGKpBqyAlenxd/kXjd1Abf/xK+6vUA7R7L2Suo6AFTHFRpPSdAKCan9wzdFApsUpSa/F6+t1AtA==
    dependencies:
      "@prisma/client-runtime-utils" "7.2.0"
  
  "@prisma/config@7.2.0":
    version "7.2.0"
    resolved "https://registry.yarnpkg.com/@prisma/config/-/config-7.2.0.tgz#cc7b81d445df9ca75d67ea7e870844597b38eef6"
    integrity sha512-qmvSnfQ6l/srBW1S7RZGfjTQhc44Yl3ldvU6y3pgmuLM+83SBDs6UQVgMtQuMRe9J3gGqB0RF8wER6RlXEr6jQ==
    dependencies:
      c12 "3.1.0"
      deepmerge-ts "7.1.5"
      effect "3.18.4"
      empathic "2.0.0"
  
  "@prisma/debug@6.8.2":
    version "6.8.2"
    resolved "https://registry.yarnpkg.com/@prisma/debug/-/debug-6.8.2.tgz#59fb9e0ccb0f431fe7011c36c95f9bfcbe051749"
    integrity sha512-4muBSSUwJJ9BYth5N8tqts8JtiLT8QI/RSAzEogwEfpbYGFo9mYsInsVo8dqXdPO2+Rm5OG5q0qWDDE3nyUbVg==
  
  "@prisma/debug@7.2.0":
    version "7.2.0"
    resolved "https://registry.yarnpkg.com/@prisma/debug/-/debug-7.2.0.tgz#569b1cbc10eb3e8cae798b40075fd11d21f6b533"
    integrity sha512-YSGTiSlBAVJPzX4ONZmMotL+ozJwQjRmZweQNIq/ER0tQJKJynNkRB3kyvt37eOfsbMCXk3gnLF6J9OJ4QWftw==
  
  "@prisma/dev@0.17.0":
    version "0.17.0"
    resolved "https://registry.yarnpkg.com/@prisma/dev/-/dev-0.17.0.tgz#0423bc4e749d080140d316d90e08353adf52ee7a"
    integrity sha512-6sGebe5jxX+FEsQTpjHLzvOGPn6ypFQprcs3jcuIWv1Xp/5v6P/rjfdvAwTkP2iF6pDx2tCd8vGLNWcsWzImTA==
    dependencies:
      "@electric-sql/pglite" "0.3.2"
      "@electric-sql/pglite-socket" "0.0.6"
      "@electric-sql/pglite-tools" "0.2.7"
      "@hono/node-server" "1.19.6"
      "@mrleebo/prisma-ast" "0.12.1"
      "@prisma/get-platform" "6.8.2"
      "@prisma/query-plan-executor" "6.18.0"
      foreground-child "3.3.1"
      get-port-please "3.1.2"
      hono "4.10.6"
      http-status-codes "2.3.0"
      pathe "2.0.3"
      proper-lockfile "4.1.2"
      remeda "2.21.3"
      std-env "3.9.0"
      valibot "1.2.0"
      zeptomatch "2.0.2"
  
  "@prisma/driver-adapter-utils@7.2.0":
    version "7.2.0"
    resolved "https://registry.yarnpkg.com/@prisma/driver-adapter-utils/-/driver-adapter-utils-7.2.0.tgz#53d6686cdbb695338826e1c8ab5ac97c92efb676"
    integrity sha512-gzrUcbI9VmHS24Uf+0+7DNzdIw7keglJsD5m/MHxQOU68OhGVzlphQRobLiDMn8CHNA2XN8uugwKjudVtnfMVQ==
    dependencies:
      "@prisma/debug" "7.2.0"
  
  "@prisma/engines-version@7.2.0-4.0c8ef2ce45c83248ab3df073180d5eda9e8be7a3":
    version "7.2.0-4.0c8ef2ce45c83248ab3df073180d5eda9e8be7a3"
    resolved "https://registry.yarnpkg.com/@prisma/engines-version/-/engines-version-7.2.0-4.0c8ef2ce45c83248ab3df073180d5eda9e8be7a3.tgz#37104679cfa7cc5f5434bf02fa22b4b0cf90b94f"
    integrity sha512-KezsjCZDsbjNR7SzIiVlUsn9PnLePI7r5uxABlwL+xoerurZTfgQVbIjvjF2sVr3Uc0ZcsnREw3F84HvbggGdA==
  
  "@prisma/engines@7.2.0":
    version "7.2.0"
    resolved "https://registry.yarnpkg.com/@prisma/engines/-/engines-7.2.0.tgz#7451f22ad7526c8f84b7dce889d796aeffd332be"
    integrity sha512-HUeOI/SvCDsHrR9QZn24cxxZcujOjcS3w1oW/XVhnSATAli5SRMOfp/WkG3TtT5rCxDA4xOnlJkW7xkho4nURA==
    dependencies:
      "@prisma/debug" "7.2.0"
      "@prisma/engines-version" "7.2.0-4.0c8ef2ce45c83248ab3df073180d5eda9e8be7a3"
      "@prisma/fetch-engine" "7.2.0"
      "@prisma/get-platform" "7.2.0"
  
  "@prisma/fetch-engine@7.2.0":
    version "7.2.0"
    resolved "https://registry.yarnpkg.com/@prisma/fetch-engine/-/fetch-engine-7.2.0.tgz#956d8aff4420534dffc9c7e034243f711803e966"
    integrity sha512-Z5XZztJ8Ap+wovpjPD2lQKnB8nWFGNouCrglaNFjxIWAGWz0oeHXwUJRiclIoSSXN/ptcs9/behptSk8d0Yy6w==
    dependencies:
      "@prisma/debug" "7.2.0"
      "@prisma/engines-version" "7.2.0-4.0c8ef2ce45c83248ab3df073180d5eda9e8be7a3"
      "@prisma/get-platform" "7.2.0"
  
  "@prisma/get-platform@6.8.2":
    version "6.8.2"
    resolved "https://registry.yarnpkg.com/@prisma/get-platform/-/get-platform-6.8.2.tgz#a6509de61ceab4fca80616b7e8d73705b2705a72"
    integrity sha512-vXSxyUgX3vm1Q70QwzwkjeYfRryIvKno1SXbIqwSptKwqKzskINnDUcx85oX+ys6ooN2ATGSD0xN2UTfg6Zcow==
    dependencies:
      "@prisma/debug" "6.8.2"
  
  "@prisma/get-platform@7.2.0":
    version "7.2.0"
    resolved "https://registry.yarnpkg.com/@prisma/get-platform/-/get-platform-7.2.0.tgz#b3a92db68de6a76e840e61d2f26659aa9f915e3e"
    integrity sha512-k1V0l0Td1732EHpAfi2eySTezyllok9dXb6UQanajkJQzPUGi3vO2z7jdkz67SypFTdmbnyGYxvEvYZdZsMAVA==
    dependencies:
      "@prisma/debug" "7.2.0"
  
  "@prisma/query-plan-executor@6.18.0":
    version "6.18.0"
    resolved "https://registry.yarnpkg.com/@prisma/query-plan-executor/-/query-plan-executor-6.18.0.tgz#231304e8b51959cb671ce8a6038f7e0e5c24bd9d"
    integrity sha512-jZ8cfzFgL0jReE1R10gT8JLHtQxjWYLiQ//wHmVYZ2rVkFHoh0DT8IXsxcKcFlfKN7ak7k6j0XMNn2xVNyr5cA==
  
  "@prisma/studio-core@0.9.0":
    version "0.9.0"
    resolved "https://registry.yarnpkg.com/@prisma/studio-core/-/studio-core-0.9.0.tgz#aad8b49467adeb4100d1070a0940dc3ffce8d0ef"
    integrity sha512-xA2zoR/ADu/NCSQuriBKTh6Ps4XjU0bErkEcgMfnSGh346K1VI7iWKnoq1l2DoxUqiddPHIEWwtxJ6xCHG6W7g==
  
  "@repeaterjs/repeater@^3.0.4", "@repeaterjs/repeater@^3.0.6":
    version "3.0.6"
    resolved "https://registry.npmjs.org/@repeaterjs/repeater/-/repeater-3.0.6.tgz"
    integrity sha512-Javneu5lsuhwNCryN+pXH93VPQ8g0dBX7wItHFgYiwQmzE1sVdg5tWHiOgHywzL2W21XQopa7IwIEnNbmeUJYA==
  
  "@standard-schema/spec@^1.0.0":
    version "1.1.0"
    resolved "https://registry.yarnpkg.com/@standard-schema/spec/-/spec-1.1.0.tgz#a79b55dbaf8604812f52d140b2c9ab41bc150bb8"
    integrity sha512-l2aFy5jALhniG5HgqrD6jXLi/rUWrKvqN/qJx6yoJsgKhblVd+iqqU4RCXavm/jPityDo5TCvKMnpjKnOriy0w==
  
  "@theguild/federation-composition@^0.21.0":
    version "0.21.1"
    resolved "https://registry.npmjs.org/@theguild/federation-composition/-/federation-composition-0.21.1.tgz"
    integrity sha512-iw1La4tbRaWKBgz+J9b1ydxv+kgt+7n04ZgD8HSeDJodLsLAxbXj/gLif5f2vyMa98ommBQ73ztBe8zOzGq5YQ==
    dependencies:
      constant-case "^3.0.4"
      debug "4.4.3"
      json5 "^2.2.3"
      lodash.sortby "^4.7.0"
  
  "@tsconfig/node10@^1.0.7":
    version "1.0.12"
    resolved "https://registry.npmjs.org/@tsconfig/node10/-/node10-1.0.12.tgz"
    integrity sha512-UCYBaeFvM11aU2y3YPZ//O5Rhj+xKyzy7mvcIoAjASbigy8mHMryP5cK7dgjlz2hWxh1g5pLw084E0a/wlUSFQ==
  
  "@tsconfig/node12@^1.0.7":
    version "1.0.11"
    resolved "https://registry.npmjs.org/@tsconfig/node12/-/node12-1.0.11.tgz"
    integrity sha512-cqefuRsh12pWyGsIoBKJA9luFu3mRxCA+ORZvA4ktLSzIuCUtWVxGIuXigEwO5/ywWFMZ2QEGKWvkZG1zDMTag==
  
  "@tsconfig/node14@^1.0.0":
    version "1.0.3"
    resolved "https://registry.npmjs.org/@tsconfig/node14/-/node14-1.0.3.tgz"
    integrity sha512-ysT8mhdixWK6Hw3i1V2AeRqZ5WfXg1G43mqoYlM2nc6388Fq5jcXyr5mRsqViLx/GJYdoL0bfXD8nmF+Zn/Iow==
  
  "@tsconfig/node16@^1.0.2":
    version "1.0.4"
    resolved "https://registry.npmjs.org/@tsconfig/node16/-/node16-1.0.4.tgz"
    integrity sha512-vxhUy4J8lyeyinH7Azl1pdd43GJhZH/tP2weN8TntQblOY+A0XbT8DJk1/oCPuOOyg/Ja757rG0CgHcWC8OfMA==
  
  "@types/estree@^1.0.6":
    version "1.0.8"
    resolved "https://registry.npmjs.org/@types/estree/-/estree-1.0.8.tgz"
    integrity sha512-dWHzHa2WqEXI/O1E9OjrocMTKJl2mSrEolh1Iomrv6U+JuNwaHXsXx9bLu5gG7BUWFIN0skIQJQ/L1rIex4X6w==
  
  "@types/json-schema@^7.0.15":
    version "7.0.15"
    resolved "https://registry.npmjs.org/@types/json-schema/-/json-schema-7.0.15.tgz"
    integrity sha512-5+fP8P8MFNC+AyZCDxrB2pkZFPGzqQWUzpSeuuVLvm8VMcorNYavBqoFcxK8bQz4Qsbn4oUEEem4wDLfcysGHA==
  
  "@types/node@*", "@types/node@^25.0.3":
    version "25.0.3"
    resolved "https://registry.npmjs.org/@types/node/-/node-25.0.3.tgz"
    integrity sha512-W609buLVRVmeW693xKfzHeIV6nJGGz98uCPfeXI1ELMLXVeKYZ9m15fAMSaUPBHYLGFsVRcMmSCksQOrZV9BYA==
    dependencies:
      undici-types "~7.16.0"
  
  "@types/pg@^8.16.0":
    version "8.16.0"
    resolved "https://registry.yarnpkg.com/@types/pg/-/pg-8.16.0.tgz#b7af0d642752340b7c9de1c33afd9bc5c5f0ebeb"
    integrity sha512-RmhMd/wD+CF8Dfo+cVIy3RR5cl8CyfXQ0tGgW6XBL8L4LM/UTEbNXYRbLwU6w+CgrKBNbrQWt4FUtTfaU5jSYQ==
    dependencies:
      "@types/node" "*"
      pg-protocol "*"
      pg-types "^2.2.0"
  
  "@types/strip-bom@^3.0.0":
    version "3.0.0"
    resolved "https://registry.npmjs.org/@types/strip-bom/-/strip-bom-3.0.0.tgz"
    integrity sha512-xevGOReSYGM7g/kUBZzPqCrR/KYAo+F0yiPc85WFTJa0MSLtyFTVTU6cJu/aV4mid7IffDIWqo69THF2o4JiEQ==
  
  "@types/strip-json-comments@0.0.30":
    version "0.0.30"
    resolved "https://registry.npmjs.org/@types/strip-json-comments/-/strip-json-comments-0.0.30.tgz"
    integrity sha512-7NQmHra/JILCd1QqpSzl8+mJRc8ZHz3uDm8YV1Ks9IhK0epEiTw8aIErbvH9PI+6XbqhyIQy3462nEsn7UVzjQ==
  
  "@types/ws@^8.0.0":
    version "8.18.1"
    resolved "https://registry.npmjs.org/@types/ws/-/ws-8.18.1.tgz"
    integrity sha512-ThVF6DCVhA8kUGy+aazFQ4kXQ7E1Ty7A3ypFOe0IcJV8O/M511G99AW24irKrW56Wt44yG9+ij8FaqoBGkuBXg==
    dependencies:
      "@types/node" "*"
  
  "@typescript-eslint/eslint-plugin@8.50.1":
    version "8.50.1"
    resolved "https://registry.npmjs.org/@typescript-eslint/eslint-plugin/-/eslint-plugin-8.50.1.tgz"
    integrity sha512-PKhLGDq3JAg0Jk/aK890knnqduuI/Qj+udH7wCf0217IGi4gt+acgCyPVe79qoT+qKUvHMDQkwJeKW9fwl8Cyw==
    dependencies:
      "@eslint-community/regexpp" "^4.10.0"
      "@typescript-eslint/scope-manager" "8.50.1"
      "@typescript-eslint/type-utils" "8.50.1"
      "@typescript-eslint/utils" "8.50.1"
      "@typescript-eslint/visitor-keys" "8.50.1"
      ignore "^7.0.0"
      natural-compare "^1.4.0"
      ts-api-utils "^2.1.0"
  
  "@typescript-eslint/parser@8.50.1":
    version "8.50.1"
    resolved "https://registry.npmjs.org/@typescript-eslint/parser/-/parser-8.50.1.tgz"
    integrity sha512-hM5faZwg7aVNa819m/5r7D0h0c9yC4DUlWAOvHAtISdFTc8xB86VmX5Xqabrama3wIPJ/q9RbGS1worb6JfnMg==
    dependencies:
      "@typescript-eslint/scope-manager" "8.50.1"
      "@typescript-eslint/types" "8.50.1"
      "@typescript-eslint/typescript-estree" "8.50.1"
      "@typescript-eslint/visitor-keys" "8.50.1"
      debug "^4.3.4"
  
  "@typescript-eslint/project-service@8.50.1":
    version "8.50.1"
    resolved "https://registry.npmjs.org/@typescript-eslint/project-service/-/project-service-8.50.1.tgz"
    integrity sha512-E1ur1MCVf+YiP89+o4Les/oBAVzmSbeRB0MQLfSlYtbWU17HPxZ6Bhs5iYmKZRALvEuBoXIZMOIRRc/P++Ortg==
    dependencies:
      "@typescript-eslint/tsconfig-utils" "^8.50.1"
      "@typescript-eslint/types" "^8.50.1"
      debug "^4.3.4"
  
  "@typescript-eslint/scope-manager@8.50.1":
    version "8.50.1"
    resolved "https://registry.npmjs.org/@typescript-eslint/scope-manager/-/scope-manager-8.50.1.tgz"
    integrity sha512-mfRx06Myt3T4vuoHaKi8ZWNTPdzKPNBhiblze5N50//TSHOAQQevl/aolqA/BcqqbJ88GUnLqjjcBc8EWdBcVw==
    dependencies:
      "@typescript-eslint/types" "8.50.1"
      "@typescript-eslint/visitor-keys" "8.50.1"
  
  "@typescript-eslint/tsconfig-utils@8.50.1", "@typescript-eslint/tsconfig-utils@^8.50.1":
    version "8.50.1"
    resolved "https://registry.npmjs.org/@typescript-eslint/tsconfig-utils/-/tsconfig-utils-8.50.1.tgz"
    integrity sha512-ooHmotT/lCWLXi55G4mvaUF60aJa012QzvLK0Y+Mp4WdSt17QhMhWOaBWeGTFVkb2gDgBe19Cxy1elPXylslDw==
  
  "@typescript-eslint/type-utils@8.50.1":
    version "8.50.1"
    resolved "https://registry.npmjs.org/@typescript-eslint/type-utils/-/type-utils-8.50.1.tgz"
    integrity sha512-7J3bf022QZE42tYMO6SL+6lTPKFk/WphhRPe9Tw/el+cEwzLz1Jjz2PX3GtGQVxooLDKeMVmMt7fWpYRdG5Etg==
    dependencies:
      "@typescript-eslint/types" "8.50.1"
      "@typescript-eslint/typescript-estree" "8.50.1"
      "@typescript-eslint/utils" "8.50.1"
      debug "^4.3.4"
      ts-api-utils "^2.1.0"
  
  "@typescript-eslint/types@8.50.1", "@typescript-eslint/types@^8.50.1":
    version "8.50.1"
    resolved "https://registry.npmjs.org/@typescript-eslint/types/-/types-8.50.1.tgz"
    integrity sha512-v5lFIS2feTkNyMhd7AucE/9j/4V9v5iIbpVRncjk/K0sQ6Sb+Np9fgYS/63n6nwqahHQvbmujeBL7mp07Q9mlA==
  
  "@typescript-eslint/typescript-estree@8.50.1":
    version "8.50.1"
    resolved "https://registry.npmjs.org/@typescript-eslint/typescript-estree/-/typescript-estree-8.50.1.tgz"
    integrity sha512-woHPdW+0gj53aM+cxchymJCrh0cyS7BTIdcDxWUNsclr9VDkOSbqC13juHzxOmQ22dDkMZEpZB+3X1WpUvzgVQ==
    dependencies:
      "@typescript-eslint/project-service" "8.50.1"
      "@typescript-eslint/tsconfig-utils" "8.50.1"
      "@typescript-eslint/types" "8.50.1"
      "@typescript-eslint/visitor-keys" "8.50.1"
      debug "^4.3.4"
      minimatch "^9.0.4"
      semver "^7.6.0"
      tinyglobby "^0.2.15"
      ts-api-utils "^2.1.0"
  
  "@typescript-eslint/utils@8.50.1":
    version "8.50.1"
    resolved "https://registry.npmjs.org/@typescript-eslint/utils/-/utils-8.50.1.tgz"
    integrity sha512-lCLp8H1T9T7gPbEuJSnHwnSuO9mDf8mfK/Nion5mZmiEaQD9sWf9W4dfeFqRyqRjF06/kBuTmAqcs9sewM2NbQ==
    dependencies:
      "@eslint-community/eslint-utils" "^4.7.0"
      "@typescript-eslint/scope-manager" "8.50.1"
      "@typescript-eslint/types" "8.50.1"
      "@typescript-eslint/typescript-estree" "8.50.1"
  
  "@typescript-eslint/visitor-keys@8.50.1":
    version "8.50.1"
    resolved "https://registry.npmjs.org/@typescript-eslint/visitor-keys/-/visitor-keys-8.50.1.tgz"
    integrity sha512-IrDKrw7pCRUR94zeuCSUWQ+w8JEf5ZX5jl/e6AHGSLi1/zIr0lgutfn/7JpfCey+urpgQEdrZVYzCaVVKiTwhQ==
    dependencies:
      "@typescript-eslint/types" "8.50.1"
      eslint-visitor-keys "^4.2.1"
  
  "@whatwg-node/disposablestack@^0.0.6":
    version "0.0.6"
    resolved "https://registry.npmjs.org/@whatwg-node/disposablestack/-/disposablestack-0.0.6.tgz"
    integrity sha512-LOtTn+JgJvX8WfBVJtF08TGrdjuFzGJc4mkP8EdDI8ADbvO7kiexYep1o8dwnt0okb0jYclCDXF13xU7Ge4zSw==
    dependencies:
      "@whatwg-node/promise-helpers" "^1.0.0"
      tslib "^2.6.3"
  
  "@whatwg-node/fetch@^0.10.0", "@whatwg-node/fetch@^0.10.13", "@whatwg-node/fetch@^0.10.4":
    version "0.10.13"
    resolved "https://registry.npmjs.org/@whatwg-node/fetch/-/fetch-0.10.13.tgz"
    integrity sha512-b4PhJ+zYj4357zwk4TTuF2nEe0vVtOrwdsrNo5hL+u1ojXNhh1FgJ6pg1jzDlwlT4oBdzfSwaBwMCtFCsIWg8Q==
    dependencies:
      "@whatwg-node/node-fetch" "^0.8.3"
      urlpattern-polyfill "^10.0.0"
  
  "@whatwg-node/node-fetch@^0.8.3":
    version "0.8.4"
    resolved "https://registry.npmjs.org/@whatwg-node/node-fetch/-/node-fetch-0.8.4.tgz"
    integrity sha512-AlKLc57loGoyYlrzDbejB9EeR+pfdJdGzbYnkEuZaGekFboBwzfVYVMsy88PMriqPI1ORpiGYGgSSWpx7a2sDA==
    dependencies:
      "@fastify/busboy" "^3.1.1"
      "@whatwg-node/disposablestack" "^0.0.6"
      "@whatwg-node/promise-helpers" "^1.3.2"
      tslib "^2.6.3"
  
  "@whatwg-node/promise-helpers@^1.0.0", "@whatwg-node/promise-helpers@^1.2.1", "@whatwg-node/promise-helpers@^1.2.4", "@whatwg-node/promise-helpers@^1.3.0", "@whatwg-node/promise-helpers@^1.3.2":
    version "1.3.2"
    resolved "https://registry.npmjs.org/@whatwg-node/promise-helpers/-/promise-helpers-1.3.2.tgz"
    integrity sha512-Nst5JdK47VIl9UcGwtv2Rcgyn5lWtZ0/mhRQ4G8NN2isxpq2TO30iqHzmwoJycjWuyUfg3GFXqP/gFHXeV57IA==
    dependencies:
      tslib "^2.6.3"
  
  "@wry/caches@^1.0.0":
    version "1.0.1"
    resolved "https://registry.npmjs.org/@wry/caches/-/caches-1.0.1.tgz"
    integrity sha512-bXuaUNLVVkD20wcGBWRyo7j9N3TxePEWFZj2Y+r9OoUzfqmavM84+mFykRicNsBqatba5JLay1t48wxaXaWnlA==
    dependencies:
      tslib "^2.3.0"
  
  "@wry/context@^0.7.0":
    version "0.7.4"
    resolved "https://registry.npmjs.org/@wry/context/-/context-0.7.4.tgz"
    integrity sha512-jmT7Sb4ZQWI5iyu3lobQxICu2nC/vbUhP0vIdd6tHC9PTfenmRmuIFqktc6GH9cgi+ZHnsLWPvfSvc4DrYmKiQ==
    dependencies:
      tslib "^2.3.0"
  
  "@wry/equality@^0.5.6":
    version "0.5.7"
    resolved "https://registry.npmjs.org/@wry/equality/-/equality-0.5.7.tgz"
    integrity sha512-BRFORjsTuQv5gxcXsuDXx6oGRhuVsEGwZy6LOzRRfgu+eSfxbhUQ9L9YtSEIuIjY/o7g3iWFjrc5eSY1GXP2Dw==
    dependencies:
      tslib "^2.3.0"
  
  "@wry/trie@^0.5.0":
    version "0.5.0"
    resolved "https://registry.npmjs.org/@wry/trie/-/trie-0.5.0.tgz"
    integrity sha512-FNoYzHawTMk/6KMQoEG5O4PuioX19UbwdQKF44yw0nLfOypfQdjtfZzo/UIJWAJ23sNIFbD1Ug9lbaDGMwbqQA==
    dependencies:
      tslib "^2.3.0"
  
  acorn-jsx@^5.3.2:
    version "5.3.2"
    resolved "https://registry.npmjs.org/acorn-jsx/-/acorn-jsx-5.3.2.tgz"
    integrity sha512-rq9s+JNhf0IChjtDXxllJ7g41oZk5SlXtp0LHwyA5cejwn7vKmKp4pPri6YEePv2PU65sAsegbXtIinmDFDXgQ==
  
  acorn-walk@^8.1.1:
    version "8.3.4"
    resolved "https://registry.npmjs.org/acorn-walk/-/acorn-walk-8.3.4.tgz"
    integrity sha512-ueEepnujpqee2o5aIYnvHU6C0A42MNdsIDeqy5BydrkuC5R1ZuUFnm27EeFJGoEHJQgn3uleRvmTXaJgfXbt4g==
    dependencies:
      acorn "^8.11.0"
  
  acorn@^8.11.0, acorn@^8.15.0, acorn@^8.4.1:
    version "8.15.0"
    resolved "https://registry.npmjs.org/acorn/-/acorn-8.15.0.tgz"
    integrity sha512-NZyJarBfL7nWwIq+FDL6Zp/yHEhePMNnnJ0y3qfieCrmNvYct8uvtiV41UvlSe6apAfk0fY1FbWx+NwfmpvtTg==
  
  ajv@^6.12.4:
    version "6.12.6"
    resolved "https://registry.npmjs.org/ajv/-/ajv-6.12.6.tgz"
    integrity sha512-j3fVLgvTo527anyYyJOGTYJbG+vnnQYvE0m5mmkc1TK+nxAppkCLMIL0aZ4dblVCNoGShhm+kzE4ZUykBoMg4g==
    dependencies:
      fast-deep-equal "^3.1.1"
      fast-json-stable-stringify "^2.0.0"
      json-schema-traverse "^0.4.1"
      uri-js "^4.2.2"
  
  ansi-escapes@^7.0.0:
    version "7.2.0"
    resolved "https://registry.npmjs.org/ansi-escapes/-/ansi-escapes-7.2.0.tgz"
    integrity sha512-g6LhBsl+GBPRWGWsBtutpzBYuIIdBkLEvad5C/va/74Db018+5TZiyA26cZJAr3Rft5lprVqOIPxf5Vid6tqAw==
    dependencies:
      environment "^1.0.0"
  
  ansi-regex@^5.0.1:
    version "5.0.1"
    resolved "https://registry.npmjs.org/ansi-regex/-/ansi-regex-5.0.1.tgz"
    integrity sha512-quJQXlTSUGL2LH9SUXo8VwsY4soanhgo6LNSm84E1LBcE8s3O0wpdiRzyR9z/ZZJMlMWv37qOOb9pdJlMUEKFQ==
  
  ansi-regex@^6.0.1:
    version "6.2.2"
    resolved "https://registry.npmjs.org/ansi-regex/-/ansi-regex-6.2.2.tgz"
    integrity sha512-Bq3SmSpyFHaWjPk8If9yc6svM8c56dB5BAtW4Qbw5jHTwwXXcTLoRMkpDJp6VL0XzlWaCHTXrkFURMYmD0sLqg==
  
  ansi-styles@^4.0.0, ansi-styles@^4.1.0:
    version "4.3.0"
    resolved "https://registry.npmjs.org/ansi-styles/-/ansi-styles-4.3.0.tgz"
    integrity sha512-zbB9rCJAT1rbjiVDb2hqKFHNYLxgtk8NURxZ3IZwD3F6NtxbXZQCnnSi1Lkx+IDohdPlFp222wVALIheZJQSEg==
    dependencies:
      color-convert "^2.0.1"
  
  ansi-styles@^6.2.1:
    version "6.2.3"
    resolved "https://registry.npmjs.org/ansi-styles/-/ansi-styles-6.2.3.tgz"
    integrity sha512-4Dj6M28JB+oAH8kFkTLUo+a2jwOFkuqb3yucU0CANcRRUbxS0cP0nZYCGjcc3BNXwRIsUVmDGgzawme7zvJHvg==
  
  anymatch@~3.1.2:
    version "3.1.3"
    resolved "https://registry.npmjs.org/anymatch/-/anymatch-3.1.3.tgz"
    integrity sha512-KMReFUr0B4t+D+OBkjR3KYqvocp2XaSzO55UcB6mgQMd3KbcE+mWTyvVV7D/zsdEbNnV6acZUutkiHQXvTr1Rw==
    dependencies:
      normalize-path "^3.0.0"
      picomatch "^2.0.4"
  
  arg@^4.1.0:
    version "4.1.3"
    resolved "https://registry.npmjs.org/arg/-/arg-4.1.3.tgz"
    integrity sha512-58S9QDqG0Xx27YwPSt9fJxivjYl432YCwfDMfZ+71RAqUrZef7LrKQZ3LHLOwCS4FLNBplP533Zx895SeOCHvA==
  
  argparse@^2.0.1:
    version "2.0.1"
    resolved "https://registry.npmjs.org/argparse/-/argparse-2.0.1.tgz"
    integrity sha512-8+9WqebbFzpX9OR+Wa6O29asIogeRMzcGtAINdpMHHyAg10f05aSFVBbcEqGf/PXw1EjAZ+q2/bEBg3DvurK3Q==
  
  array-union@^2.1.0:
    version "2.1.0"
    resolved "https://registry.npmjs.org/array-union/-/array-union-2.1.0.tgz"
    integrity sha512-HGyxoOTYUyCM6stUe6EJgnd4EoewAI7zMdfqO+kGjnlZmBDz/cR5pf8r/cR4Wq60sL/p0IkcjUEEPwS3GFrIyw==
  
  asap@~2.0.3:
    version "2.0.6"
    resolved "https://registry.npmjs.org/asap/-/asap-2.0.6.tgz"
    integrity sha512-BSHWgDSAiKs50o2Re8ppvp3seVHXSRM44cdSsT9FfNEUUZLOGWVCsiWaRPWM1Znn+mqZ1OfVZ3z3DWEzSp7hRA==
  
  auto-bind@~4.0.0:
    version "4.0.0"
    resolved "https://registry.npmjs.org/auto-bind/-/auto-bind-4.0.0.tgz"
    integrity sha512-Hdw8qdNiqdJ8LqT0iK0sVzkFbzg6fhnQqqfWhBDxcHZvU75+B+ayzTy8x+k5Ix0Y92XOhOUlx74ps+bA6BeYMQ==
  
  aws-ssl-profiles@^1.1.1:
    version "1.1.2"
    resolved "https://registry.yarnpkg.com/aws-ssl-profiles/-/aws-ssl-profiles-1.1.2.tgz#157dd77e9f19b1d123678e93f120e6f193022641"
    integrity sha512-NZKeq9AfyQvEeNlN0zSYAaWrmBffJh3IELMZfRpJVWgrpEbtEpnjvzqBPf+mxoI287JohRDoa+/nsfqqiZmF6g==
  
  balanced-match@^1.0.0:
    version "1.0.2"
    resolved "https://registry.npmjs.org/balanced-match/-/balanced-match-1.0.2.tgz"
    integrity sha512-3oSeUO0TMV67hN1AmbXsK4yaqU7tjiHlbxRDZOpH0KW9+CeX4bRAaX0Anxt0tx2MrpRpWwQaPwIlISEJhYU5Pw==
  
  baseline-browser-mapping@^2.9.0:
    version "2.9.11"
    resolved "https://registry.npmjs.org/baseline-browser-mapping/-/baseline-browser-mapping-2.9.11.tgz"
    integrity sha512-Sg0xJUNDU1sJNGdfGWhVHX0kkZ+HWcvmVymJbj6NSgZZmW/8S9Y2HQ5euytnIgakgxN6papOAWiwDo1ctFDcoQ==
  
  binary-extensions@^2.0.0:
    version "2.3.0"
    resolved "https://registry.npmjs.org/binary-extensions/-/binary-extensions-2.3.0.tgz"
    integrity sha512-Ceh+7ox5qe7LJuLHoY0feh3pHuUDHAcRUeyL2VYghZwfpkNIy/+8Ocg0a3UuSoYzavmylwuLWQOf3hl0jjMMIw==
  
  brace-expansion@^1.1.7:
    version "1.1.12"
    resolved "https://registry.npmjs.org/brace-expansion/-/brace-expansion-1.1.12.tgz"
    integrity sha512-9T9UjW3r0UW5c1Q7GTwllptXwhvYmEzFhzMfZ9H7FQWt+uZePjZPjBP/W1ZEyZ1twGWom5/56TF4lPcqjnDHcg==
    dependencies:
      balanced-match "^1.0.0"
      concat-map "0.0.1"
  
  brace-expansion@^2.0.1:
    version "2.0.2"
    resolved "https://registry.npmjs.org/brace-expansion/-/brace-expansion-2.0.2.tgz"
    integrity sha512-Jt0vHyM+jmUBqojB7E1NIYadt0vI0Qxjxd2TErW94wDz+E2LAm5vKMXXwg6ZZBTHPuUlDgQHKXvjGBdfcF1ZDQ==
    dependencies:
      balanced-match "^1.0.0"
  
  braces@^3.0.3, braces@~3.0.2:
    version "3.0.3"
    resolved "https://registry.npmjs.org/braces/-/braces-3.0.3.tgz"
    integrity sha512-yQbXgO/OSZVD2IsiLlro+7Hf6Q18EJrKSEsdoMzKePKXct3gvD8oLcOQdIzGupr5Fj+EDe8gO/lxc1BzfMpxvA==
    dependencies:
      fill-range "^7.1.1"
  
  browserslist@^4.24.0:
    version "4.28.1"
    resolved "https://registry.npmjs.org/browserslist/-/browserslist-4.28.1.tgz"
    integrity sha512-ZC5Bd0LgJXgwGqUknZY/vkUQ04r8NXnJZ3yYi4vDmSiZmC/pdSN0NbNRPxZpbtO4uAfDUAFffO8IZoM3Gj8IkA==
    dependencies:
      baseline-browser-mapping "^2.9.0"
      caniuse-lite "^1.0.30001759"
      electron-to-chromium "^1.5.263"
      node-releases "^2.0.27"
      update-browserslist-db "^1.2.0"
  
  bser@2.1.1:
    version "2.1.1"
    resolved "https://registry.npmjs.org/bser/-/bser-2.1.1.tgz"
    integrity sha512-gQxTNE/GAfIIrmHLUE3oJyp5FO6HRBfhjnw4/wMmA63ZGDJnWBmgY/lyQBpnDUkGmAhbSe39tx2d/iTOAfglwQ==
    dependencies:
      node-int64 "^0.4.0"
  
  buffer-from@^1.0.0:
    version "1.1.2"
    resolved "https://registry.npmjs.org/buffer-from/-/buffer-from-1.1.2.tgz"
    integrity sha512-E+XQCRwSbaaiChtv6k6Dwgc+bx+Bs6vuKJHHl5kox/BaKbhiXzqQOwK4cO22yElGp2OCmjwVhT3HmxgyPGnJfQ==
  
  c12@3.1.0:
    version "3.1.0"
    resolved "https://registry.yarnpkg.com/c12/-/c12-3.1.0.tgz#9e237970e1d3b74ebae51d25945cb59664c12c89"
    integrity sha512-uWoS8OU1MEIsOv8p/5a82c3H31LsWVR5qiyXVfBNOzfffjUWtPnhAb4BYI2uG2HfGmZmFjCtui5XNWaps+iFuw==
    dependencies:
      chokidar "^4.0.3"
      confbox "^0.2.2"
      defu "^6.1.4"
      dotenv "^16.6.1"
      exsolve "^1.0.7"
      giget "^2.0.0"
      jiti "^2.4.2"
      ohash "^2.0.11"
      pathe "^2.0.3"
      perfect-debounce "^1.0.0"
      pkg-types "^2.2.0"
      rc9 "^2.1.2"
  
  callsites@^3.0.0:
    version "3.1.0"
    resolved "https://registry.npmjs.org/callsites/-/callsites-3.1.0.tgz"
    integrity sha512-P8BjAsXvZS+VIDUI11hHCQEv74YT67YUi5JJFNWIqL235sBmjX4+qx9Muvls5ivyNENctx46xQLQ3aTuE7ssaQ==
  
  camel-case@^4.1.2:
    version "4.1.2"
    resolved "https://registry.npmjs.org/camel-case/-/camel-case-4.1.2.tgz"
    integrity sha512-gxGWBrTT1JuMx6R+o5PTXMmUnhnVzLQ9SNutD4YqKtI6ap897t3tKECYla6gCWEkplXnlNybEkZg9GEGxKFCgw==
    dependencies:
      pascal-case "^3.1.2"
      tslib "^2.0.3"
  
  caniuse-lite@^1.0.30001759:
    version "1.0.30001761"
    resolved "https://registry.npmjs.org/caniuse-lite/-/caniuse-lite-1.0.30001761.tgz"
    integrity sha512-JF9ptu1vP2coz98+5051jZ4PwQgd2ni8A+gYSN7EA7dPKIMf0pDlSUxhdmVOaV3/fYK5uWBkgSXJaRLr4+3A6g==
  
  capital-case@^1.0.4:
    version "1.0.4"
    resolved "https://registry.npmjs.org/capital-case/-/capital-case-1.0.4.tgz"
    integrity sha512-ds37W8CytHgwnhGGTi88pcPyR15qoNkOpYwmMMfnWqqWgESapLqvDx6huFjQ5vqWSn2Z06173XNA7LtMOeUh1A==
    dependencies:
      no-case "^3.0.4"
      tslib "^2.0.3"
      upper-case-first "^2.0.2"
  
  chalk@^4.0.0, chalk@^4.1.0:
    version "4.1.2"
    resolved "https://registry.npmjs.org/chalk/-/chalk-4.1.2.tgz"
    integrity sha512-oKnbhFyRIXpUuez8iBMmyEa4nbj4IOQyuhc/wy9kY7/WVPcwIO9VA668Pu8RkO7+0G76SLROeyw9CpQ061i4mA==
    dependencies:
      ansi-styles "^4.1.0"
      supports-color "^7.1.0"
  
  change-case-all@1.0.15:
    version "1.0.15"
    resolved "https://registry.npmjs.org/change-case-all/-/change-case-all-1.0.15.tgz"
    integrity sha512-3+GIFhk3sNuvFAJKU46o26OdzudQlPNBCu1ZQi3cMeMHhty1bhDxu2WrEilVNYaGvqUtR1VSigFcJOiS13dRhQ==
    dependencies:
      change-case "^4.1.2"
      is-lower-case "^2.0.2"
      is-upper-case "^2.0.2"
      lower-case "^2.0.2"
      lower-case-first "^2.0.2"
      sponge-case "^1.0.1"
      swap-case "^2.0.2"
      title-case "^3.0.3"
      upper-case "^2.0.2"
      upper-case-first "^2.0.2"
  
  change-case@^4.1.2:
    version "4.1.2"
    resolved "https://registry.npmjs.org/change-case/-/change-case-4.1.2.tgz"
    integrity sha512-bSxY2ws9OtviILG1EiY5K7NNxkqg/JnRnFxLtKQ96JaviiIxi7djMrSd0ECT9AC+lttClmYwKw53BWpOMblo7A==
    dependencies:
      camel-case "^4.1.2"
      capital-case "^1.0.4"
      constant-case "^3.0.4"
      dot-case "^3.0.4"
      header-case "^2.0.4"
      no-case "^3.0.4"
      param-case "^3.0.4"
      pascal-case "^3.1.2"
      path-case "^3.0.4"
      sentence-case "^3.0.4"
      snake-case "^3.0.4"
      tslib "^2.0.3"
  
  chardet@^2.1.1:
    version "2.1.1"
    resolved "https://registry.npmjs.org/chardet/-/chardet-2.1.1.tgz"
    integrity sha512-PsezH1rqdV9VvyNhxxOW32/d75r01NY7TQCmOqomRo15ZSOKbpTFVsfjghxo6JloQUCGnH4k1LGu0R4yCLlWQQ==
  
  chevrotain@^10.5.0:
    version "10.5.0"
    resolved "https://registry.yarnpkg.com/chevrotain/-/chevrotain-10.5.0.tgz#9c1dc62ef0753bb562dbe521b5f72d041bad624e"
    integrity sha512-Pkv5rBY3+CsHOYfV5g/Vs5JY9WTHHDEKOlohI2XeygaZhUeqhAlldZ8Hz9cRmxu709bvS08YzxHdTPHhffc13A==
    dependencies:
      "@chevrotain/cst-dts-gen" "10.5.0"
      "@chevrotain/gast" "10.5.0"
      "@chevrotain/types" "10.5.0"
      "@chevrotain/utils" "10.5.0"
      lodash "4.17.21"
      regexp-to-ast "0.5.0"
  
  chokidar@^3.5.1:
    version "3.6.0"
    resolved "https://registry.npmjs.org/chokidar/-/chokidar-3.6.0.tgz"
    integrity sha512-7VT13fmjotKpGipCW9JEQAusEPE+Ei8nl6/g4FBAmIm0GOOLMua9NDDo/DWp0ZAxCr3cPq5ZpBqmPAQgDda2Pw==
    dependencies:
      anymatch "~3.1.2"
      braces "~3.0.2"
      glob-parent "~5.1.2"
      is-binary-path "~2.1.0"
      is-glob "~4.0.1"
      normalize-path "~3.0.0"
      readdirp "~3.6.0"
    optionalDependencies:
      fsevents "~2.3.2"
  
  chokidar@^4.0.3:
    version "4.0.3"
    resolved "https://registry.yarnpkg.com/chokidar/-/chokidar-4.0.3.tgz#7be37a4c03c9aee1ecfe862a4a23b2c70c205d30"
    integrity sha512-Qgzu8kfBvo+cA4962jnP1KkS6Dop5NS6g7R5LFYJr4b8Ub94PPQXUksCw9PvXoeXPRRddRNC5C1JQUR2SMGtnA==
    dependencies:
      readdirp "^4.0.1"
  
  citty@^0.1.6:
    version "0.1.6"
    resolved "https://registry.yarnpkg.com/citty/-/citty-0.1.6.tgz#0f7904da1ed4625e1a9ea7e0fa780981aab7c5e4"
    integrity sha512-tskPPKEs8D2KPafUypv2gxwJP8h/OaJmC82QQGGDQcHvXX43xF2VDACcJVmZ0EuSxkpO9Kc4MlrA3q0+FG58AQ==
    dependencies:
      consola "^3.2.3"
  
  cli-cursor@^5.0.0:
    version "5.0.0"
    resolved "https://registry.npmjs.org/cli-cursor/-/cli-cursor-5.0.0.tgz"
    integrity sha512-aCj4O5wKyszjMmDT4tZj93kxyydN/K5zPWSCe6/0AV/AA1pqe5ZBIw0a2ZfPQV7lL5/yb5HsUreJ6UFAF1tEQw==
    dependencies:
      restore-cursor "^5.0.0"
  
  cli-truncate@^5.0.0:
    version "5.1.1"
    resolved "https://registry.npmjs.org/cli-truncate/-/cli-truncate-5.1.1.tgz"
    integrity sha512-SroPvNHxUnk+vIW/dOSfNqdy1sPEFkrTk6TUtqLCnBlo3N7TNYYkzzN7uSD6+jVjrdO4+p8nH7JzH6cIvUem6A==
    dependencies:
      slice-ansi "^7.1.0"
      string-width "^8.0.0"
  
  cli-width@^4.1.0:
    version "4.1.0"
    resolved "https://registry.npmjs.org/cli-width/-/cli-width-4.1.0.tgz"
    integrity sha512-ouuZd4/dm2Sw5Gmqy6bGyNNNe1qt9RpmxveLSO7KcgsTnU7RXfsw+/bukWGo1abgBiMAic068rclZsO4IWmmxQ==
  
  cliui@^8.0.1:
    version "8.0.1"
    resolved "https://registry.npmjs.org/cliui/-/cliui-8.0.1.tgz"
    integrity sha512-BSeNnyus75C4//NQ9gQt1/csTXyo/8Sb+afLAkzAptFuMsod9HFokGNudZpi/oQV73hnVK+sR+5PVRMd+Dr7YQ==
    dependencies:
      string-width "^4.2.0"
      strip-ansi "^6.0.1"
      wrap-ansi "^7.0.0"
  
  color-convert@^2.0.1:
    version "2.0.1"
    resolved "https://registry.npmjs.org/color-convert/-/color-convert-2.0.1.tgz"
    integrity sha512-RRECPsj7iu/xb5oKYcsFHSppFNnsj/52OVTRKb4zP5onXwVF3zVmmToNcOfGC+CRDpfK/U584fMg38ZHCaElKQ==
    dependencies:
      color-name "~1.1.4"
  
  color-name@~1.1.4:
    version "1.1.4"
    resolved "https://registry.npmjs.org/color-name/-/color-name-1.1.4.tgz"
    integrity sha512-dOy+3AuW3a2wNbZHIuMZpTcgjGuLU/uBL/ubcZF9OXbDo8ff4O8yVp5Bf0efS8uEoYo5q4Fx7dY9OgQGXgAsQA==
  
  colorette@^2.0.20:
    version "2.0.20"
    resolved "https://registry.npmjs.org/colorette/-/colorette-2.0.20.tgz"
    integrity sha512-IfEDxwoWIjkeXL1eXcDiow4UbKjhLdq6/EuSVR9GMN7KVH3r9gQ83e73hsz1Nd1T3ijd5xv1wcWRYO+D6kCI2w==
  
  common-tags@1.8.2:
    version "1.8.2"
    resolved "https://registry.npmjs.org/common-tags/-/common-tags-1.8.2.tgz"
    integrity sha512-gk/Z852D2Wtb//0I+kRFNKKE9dIIVirjoqPoA1wJU+XePVXZfGeBpk45+A1rKO4Q43prqWBNY/MiIeRLbPWUaA==
  
  concat-map@0.0.1:
    version "0.0.1"
    resolved "https://registry.npmjs.org/concat-map/-/concat-map-0.0.1.tgz"
    integrity sha512-/Srv4dswyQNBfohGpz9o6Yb3Gz3SrUDqBH5rTuhGR7ahtlbYKnVxw2bCFMRljaA7EXHaXZ8wsHdodFvbkhKmqg==
  
  confbox@^0.2.2:
    version "0.2.2"
    resolved "https://registry.yarnpkg.com/confbox/-/confbox-0.2.2.tgz#8652f53961c74d9e081784beed78555974a9c110"
    integrity sha512-1NB+BKqhtNipMsov4xI/NnhCKp9XG9NamYp5PVm9klAT0fsrNPjaFICsCFhNhwZJKNh7zB/3q8qXz0E9oaMNtQ==
  
  consola@^3.2.3, consola@^3.4.0, consola@^3.4.2:
    version "3.4.2"
    resolved "https://registry.yarnpkg.com/consola/-/consola-3.4.2.tgz#5af110145397bb67afdab77013fdc34cae590ea7"
    integrity sha512-5IKcdX0nnYavi6G7TtOhwkYzyjfJlatbjMjuLSfE2kYT5pMDOilZ4OvMhi637CcDICTmz3wARPoyhqyX1Y+XvA==
  
  constant-case@^3.0.4:
    version "3.0.4"
    resolved "https://registry.npmjs.org/constant-case/-/constant-case-3.0.4.tgz"
    integrity sha512-I2hSBi7Vvs7BEuJDr5dDHfzb/Ruj3FyvFyh7KLilAjNQw3Be+xgqUBA2W6scVEcL0hL1dwPRtIqEPVUCKkSsyQ==
    dependencies:
      no-case "^3.0.4"
      tslib "^2.0.3"
      upper-case "^2.0.2"
  
  convert-source-map@^2.0.0:
    version "2.0.0"
    resolved "https://registry.npmjs.org/convert-source-map/-/convert-source-map-2.0.0.tgz"
    integrity sha512-Kvp459HrV2FEJ1CAsi1Ku+MY3kasH19TFykTz2xWmMeq6bk2NU3XXvfJ+Q61m0xktWwt+1HSYf3JZsTms3aRJg==
  
  cosmiconfig@^8.1.0:
    version "8.3.6"
    resolved "https://registry.npmjs.org/cosmiconfig/-/cosmiconfig-8.3.6.tgz"
    integrity sha512-kcZ6+W5QzcJ3P1Mt+83OUv/oHFqZHIx8DuxG6eZ5RGMERoLqp4BuGjhHLYGK+Kf5XVkQvqBSmAy/nGWN3qDgEA==
    dependencies:
      import-fresh "^3.3.0"
      js-yaml "^4.1.0"
      parse-json "^5.2.0"
      path-type "^4.0.0"
  
  cosmiconfig@^9.0.0:
    version "9.0.0"
    resolved "https://registry.npmjs.org/cosmiconfig/-/cosmiconfig-9.0.0.tgz"
    integrity sha512-itvL5h8RETACmOTFc4UfIyB2RfEHi71Ax6E/PivVxq9NseKbOWpeyHEOIbmAw1rs8Ak0VursQNww7lf7YtUwzg==
    dependencies:
      env-paths "^2.2.1"
      import-fresh "^3.3.0"
      js-yaml "^4.1.0"
      parse-json "^5.2.0"
  
  create-require@^1.1.0:
    version "1.1.1"
    resolved "https://registry.npmjs.org/create-require/-/create-require-1.1.1.tgz"
    integrity sha512-dcKFX3jn0MpIaXjisoRvexIJVEKzaq7z2rZKxf+MSr9TkdmHmsU4m2lcLojrj/FHl8mk5VxMmYA+ftRkP/3oKQ==
  
  cross-env@^10.1.0:
    version "10.1.0"
    resolved "https://registry.npmjs.org/cross-env/-/cross-env-10.1.0.tgz"
    integrity sha512-GsYosgnACZTADcmEyJctkJIoqAhHjttw7RsFrVoJNXbsWWqaq6Ym+7kZjq6mS45O0jij6vtiReppKQEtqWy6Dw==
    dependencies:
      "@epic-web/invariant" "^1.0.0"
      cross-spawn "^7.0.6"
  
  cross-fetch@^3.1.5:
    version "3.2.0"
    resolved "https://registry.npmjs.org/cross-fetch/-/cross-fetch-3.2.0.tgz"
    integrity sha512-Q+xVJLoGOeIMXZmbUK4HYk+69cQH6LudR0Vu/pRm2YlU/hDV9CiS0gKUMaWY5f2NeUH9C1nV3bsTlCo0FsTV1Q==
    dependencies:
      node-fetch "^2.7.0"
  
  cross-inspect@1.0.1:
    version "1.0.1"
    resolved "https://registry.npmjs.org/cross-inspect/-/cross-inspect-1.0.1.tgz"
    integrity sha512-Pcw1JTvZLSJH83iiGWt6fRcT+BjZlCDRVwYLbUcHzv/CRpB7r0MlSrGbIyQvVSNyGnbt7G4AXuyCiDR3POvZ1A==
    dependencies:
      tslib "^2.4.0"
  
  cross-spawn@^7.0.6:
    version "7.0.6"
    resolved "https://registry.npmjs.org/cross-spawn/-/cross-spawn-7.0.6.tgz"
    integrity sha512-uV2QOWP2nWzsy2aMp8aRibhi9dlzF5Hgh5SHaB9OiTGEyDTiJJyx0uy51QXdyWbtAHNua4XJzUKca3OzKUd3vA==
    dependencies:
      path-key "^3.1.0"
      shebang-command "^2.0.0"
      which "^2.0.1"
  
  data-uri-to-buffer@^4.0.0:
    version "4.0.1"
    resolved "https://registry.npmjs.org/data-uri-to-buffer/-/data-uri-to-buffer-4.0.1.tgz"
    integrity sha512-0R9ikRb668HB7QDxT1vkpuUBtqc53YyAwMwGeUFKRojY/NWKvdZ+9UYtRfGmhqNbRkTSVpMbmyhXipFFv2cb/A==
  
  dataloader@^2.2.3:
    version "2.2.3"
    resolved "https://registry.npmjs.org/dataloader/-/dataloader-2.2.3.tgz"
    integrity sha512-y2krtASINtPFS1rSDjacrFgn1dcUuoREVabwlOGOe4SdxenREqwjwjElAdwvbGM7kgZz9a3KVicWR7vcz8rnzA==
  
  debounce@^2.0.0:
    version "2.2.0"
    resolved "https://registry.npmjs.org/debounce/-/debounce-2.2.0.tgz"
    integrity sha512-Xks6RUDLZFdz8LIdR6q0MTH44k7FikOmnh5xkSjMig6ch45afc8sjTjRQf3P6ax8dMgcQrYO/AR2RGWURrruqw==
  
  debug@4.4.3, debug@^4.1.0, debug@^4.3.1, debug@^4.3.2, debug@^4.3.4:
    version "4.4.3"
    resolved "https://registry.npmjs.org/debug/-/debug-4.4.3.tgz"
    integrity sha512-RGwwWnwQvkVfavKVt22FGLw+xYSdzARwm0ru6DhTVA3umU5hZc28V3kO4stgYryrTlLpuvgI9GiijltAjNbcqA==
    dependencies:
      ms "^2.1.3"
  
  deep-is@^0.1.3:
    version "0.1.4"
    resolved "https://registry.npmjs.org/deep-is/-/deep-is-0.1.4.tgz"
    integrity sha512-oIPzksmTg4/MriiaYGO+okXDT7ztn/w3Eptv/+gSIdMdKsJo0u4CfYNFJPy+4SKMuCqGw2wxnA+URMg3t8a/bQ==
  
  deepmerge-ts@7.1.5:
    version "7.1.5"
    resolved "https://registry.yarnpkg.com/deepmerge-ts/-/deepmerge-ts-7.1.5.tgz#ff818564007f5c150808d2b7b732cac83aa415ab"
    integrity sha512-HOJkrhaYsweh+W+e74Yn7YStZOilkoPb6fycpwNLKzSPtruFs48nYis0zy5yJz1+ktUhHxoRDJ27RQAWLIJVJw==
  
  defu@^6.1.4:
    version "6.1.4"
    resolved "https://registry.yarnpkg.com/defu/-/defu-6.1.4.tgz#4e0c9cf9ff68fe5f3d7f2765cc1a012dfdcb0479"
    integrity sha512-mEQCMmwJu317oSz8CwdIOdwf3xMif1ttiM8LTufzc3g6kR+9Pe236twL8j3IYT1F7GfRgGcW6MWxzZjLIkuHIg==
  
  denque@^2.1.0:
    version "2.1.0"
    resolved "https://registry.yarnpkg.com/denque/-/denque-2.1.0.tgz#e93e1a6569fb5e66f16a3c2a2964617d349d6ab1"
    integrity sha512-HVQE3AAb/pxF8fQAoiqpvg9i3evqug3hoiwakOyZAwJm+6vZehbkYXZ0l4JxS+I3QxM97v5aaRNhj8v5oBhekw==
  
  dependency-graph@^1.0.0:
    version "1.0.0"
    resolved "https://registry.npmjs.org/dependency-graph/-/dependency-graph-1.0.0.tgz"
    integrity sha512-cW3gggJ28HZ/LExwxP2B++aiKxhJXMSIt9K48FOXQkm+vuG5gyatXnLsONRJdzO/7VfjDIiaOOa/bs4l464Lwg==
  
  destr@^2.0.3:
    version "2.0.5"
    resolved "https://registry.yarnpkg.com/destr/-/destr-2.0.5.tgz#7d112ff1b925fb8d2079fac5bdb4a90973b51fdb"
    integrity sha512-ugFTXCtDZunbzasqBxrK93Ik/DRYsO6S/fedkWEMKqt04xZ4csmnmwGDBAb07QWNaGMAmnTIemsYZCksjATwsA==
  
  detect-indent@^6.0.0:
    version "6.1.0"
    resolved "https://registry.npmjs.org/detect-indent/-/detect-indent-6.1.0.tgz"
    integrity sha512-reYkTUJAZb9gUuZ2RvVCNhVHdg62RHnJ7WJl8ftMi4diZ6NWlciOzQN88pUhSELEwflJht4oQDv0F0BMlwaYtA==
  
  diff@^4.0.1:
    version "4.0.2"
    resolved "https://registry.npmjs.org/diff/-/diff-4.0.2.tgz"
    integrity sha512-58lmxKSA4BNyLz+HHMUzlOEpg09FV+ev6ZMe3vJihgdxzgcwZ8VoEEPmALCZG9LmqfVoNMMKpttIYTVG6uDY7A==
  
  dir-glob@^3.0.1:
    version "3.0.1"
    resolved "https://registry.npmjs.org/dir-glob/-/dir-glob-3.0.1.tgz"
    integrity sha512-WkrWp9GR4KXfKGYzOLmTuGVi1UWFfws377n9cc55/tb6DuqyF6pcQ5AbiHEshaDpY9v6oaSr2XCDidGmMwdzIA==
    dependencies:
      path-type "^4.0.0"
  
  dot-case@^3.0.4:
    version "3.0.4"
    resolved "https://registry.npmjs.org/dot-case/-/dot-case-3.0.4.tgz"
    integrity sha512-Kv5nKlh6yRrdrGvxeJ2e5y2eRUpkUosIW4A2AS38zwSz27zu7ufDwQPi5Jhs3XAlGNetl3bmnGhQsMtkKJnj3w==
    dependencies:
      no-case "^3.0.4"
      tslib "^2.0.3"
  
  dotenv@^16.6.1:
    version "16.6.1"
    resolved "https://registry.yarnpkg.com/dotenv/-/dotenv-16.6.1.tgz#773f0e69527a8315c7285d5ee73c4459d20a8020"
    integrity sha512-uBq4egWHTcTt33a72vpSG0z3HnPuIl6NqYcTrKEg2azoEyl2hpW0zqlxysq2pK9HlDIHyHyakeYaYnSAwd8bow==
  
  dotenv@^17.2.3:
    version "17.2.3"
    resolved "https://registry.npmjs.org/dotenv/-/dotenv-17.2.3.tgz"
    integrity sha512-JVUnt+DUIzu87TABbhPmNfVdBDt18BLOWjMUFJMSi/Qqg7NTYtabbvSNJGOJ7afbRuv9D/lngizHtP7QyLQ+9w==
  
  dset@^3.1.2:
    version "3.1.4"
    resolved "https://registry.npmjs.org/dset/-/dset-3.1.4.tgz"
    integrity sha512-2QF/g9/zTaPDc3BjNcVTGoBbXBgYfMTTceLaYcFJ/W9kggFUkhxD/hMEeuLKbugyef9SqAx8cpgwlIP/jinUTA==
  
  dynamic-dedupe@^0.3.0:
    version "0.3.0"
    resolved "https://registry.npmjs.org/dynamic-dedupe/-/dynamic-dedupe-0.3.0.tgz"
    integrity sha512-ssuANeD+z97meYOqd50e04Ze5qp4bPqo8cCkI4TRjZkzAUgIDTrXV1R8QCdINpiI+hw14+rYazvTRdQrz0/rFQ==
    dependencies:
      xtend "^4.0.0"
  
  effect@3.18.4:
    version "3.18.4"
    resolved "https://registry.yarnpkg.com/effect/-/effect-3.18.4.tgz#e241fde5cc090608c51c5e29e2da357bb5d0e815"
    integrity sha512-b1LXQJLe9D11wfnOKAk3PKxuqYshQ0Heez+y5pnkd3jLj1yx9QhM72zZ9uUrOQyNvrs2GZZd/3maL0ZV18YuDA==
    dependencies:
      "@standard-schema/spec" "^1.0.0"
      fast-check "^3.23.1"
  
  electron-to-chromium@^1.5.263:
    version "1.5.267"
    resolved "https://registry.npmjs.org/electron-to-chromium/-/electron-to-chromium-1.5.267.tgz"
    integrity sha512-0Drusm6MVRXSOJpGbaSVgcQsuB4hEkMpHXaVstcPmhu5LIedxs1xNK/nIxmQIU/RPC0+1/o0AVZfBTkTNJOdUw==
  
  emoji-regex@^10.3.0:
    version "10.6.0"
    resolved "https://registry.npmjs.org/emoji-regex/-/emoji-regex-10.6.0.tgz"
    integrity sha512-toUI84YS5YmxW219erniWD0CIVOo46xGKColeNQRgOzDorgBi1v4D71/OFzgD9GO2UGKIv1C3Sp8DAn0+j5w7A==
  
  emoji-regex@^8.0.0:
    version "8.0.0"
    resolved "https://registry.npmjs.org/emoji-regex/-/emoji-regex-8.0.0.tgz"
    integrity sha512-MSjYzcWNOA0ewAHpz0MxpYFvwg6yjy1NG3xteoqz644VCo/RPgnr1/GGt+ic3iJTzQ8Eu3TdM14SawnVUmGE6A==
  
  empathic@2.0.0:
    version "2.0.0"
    resolved "https://registry.yarnpkg.com/empathic/-/empathic-2.0.0.tgz#71d3c2b94fad49532ef98a6c34be0386659f6131"
    integrity sha512-i6UzDscO/XfAcNYD75CfICkmfLedpyPDdozrLMmQc5ORaQcdMoc21OnlEylMIqI7U8eniKrPMxxtj8k0vhmJhA==
  
  env-paths@^2.2.1:
    version "2.2.1"
    resolved "https://registry.npmjs.org/env-paths/-/env-paths-2.2.1.tgz"
    integrity sha512-+h1lkLKhZMTYjog1VEpJNG7NZJWcuc2DDk/qsqSTRRCOXiLjeQ1d1/udrUGhqMxUgAlwKNZ0cf2uqan5GLuS2A==
  
  environment@^1.0.0:
    version "1.1.0"
    resolved "https://registry.npmjs.org/environment/-/environment-1.1.0.tgz"
    integrity sha512-xUtoPkMggbz0MPyPiIWr1Kp4aeWJjDZ6SMvURhimjdZgsRuDplF5/s9hcgGhyXMhs+6vpnuoiZ2kFiu3FMnS8Q==
  
  error-ex@^1.3.1:
    version "1.3.4"
    resolved "https://registry.npmjs.org/error-ex/-/error-ex-1.3.4.tgz"
    integrity sha512-sqQamAnR14VgCr1A618A3sGrygcpK+HEbenA/HiEAkkUwcZIIB/tgWqHFxWgOyDh4nB4JCRimh79dR5Ywc9MDQ==
    dependencies:
      is-arrayish "^0.2.1"
  
  esbuild@~0.27.0:
    version "0.27.2"
    resolved "https://registry.yarnpkg.com/esbuild/-/esbuild-0.27.2.tgz#d83ed2154d5813a5367376bb2292a9296fc83717"
    integrity sha512-HyNQImnsOC7X9PMNaCIeAm4ISCQXs5a5YasTXVliKv4uuBo1dKrG0A+uQS8M5eXjVMnLg3WgXaKvprHlFJQffw==
    optionalDependencies:
      "@esbuild/aix-ppc64" "0.27.2"
      "@esbuild/android-arm" "0.27.2"
      "@esbuild/android-arm64" "0.27.2"
      "@esbuild/android-x64" "0.27.2"
      "@esbuild/darwin-arm64" "0.27.2"
      "@esbuild/darwin-x64" "0.27.2"
      "@esbuild/freebsd-arm64" "0.27.2"
      "@esbuild/freebsd-x64" "0.27.2"
      "@esbuild/linux-arm" "0.27.2"
      "@esbuild/linux-arm64" "0.27.2"
      "@esbuild/linux-ia32" "0.27.2"
      "@esbuild/linux-loong64" "0.27.2"
      "@esbuild/linux-mips64el" "0.27.2"
      "@esbuild/linux-ppc64" "0.27.2"
      "@esbuild/linux-riscv64" "0.27.2"
      "@esbuild/linux-s390x" "0.27.2"
      "@esbuild/linux-x64" "0.27.2"
      "@esbuild/netbsd-arm64" "0.27.2"
      "@esbuild/netbsd-x64" "0.27.2"
      "@esbuild/openbsd-arm64" "0.27.2"
      "@esbuild/openbsd-x64" "0.27.2"
      "@esbuild/openharmony-arm64" "0.27.2"
      "@esbuild/sunos-x64" "0.27.2"
      "@esbuild/win32-arm64" "0.27.2"
      "@esbuild/win32-ia32" "0.27.2"
      "@esbuild/win32-x64" "0.27.2"
  
  escalade@^3.1.1, escalade@^3.2.0:
    version "3.2.0"
    resolved "https://registry.npmjs.org/escalade/-/escalade-3.2.0.tgz"
    integrity sha512-WUj2qlxaQtO4g6Pq5c29GTcWGDyd8itL8zTlipgECz3JesAiiOKotd8JU6otB3PACgG6xkJUyVhboMS+bje/jA==
  
  escape-string-regexp@^4.0.0:
    version "4.0.0"
    resolved "https://registry.npmjs.org/escape-string-regexp/-/escape-string-regexp-4.0.0.tgz"
    integrity sha512-TtpcNJ3XAzx3Gq8sWRzJaVajRs0uVxA2YAkdb1jm2YkPz4G6egUFAyA3n5vtEIZefPk5Wa4UXbKuS5fKkJWdgA==
  
  eslint-config-prettier@^10.1.8:
    version "10.1.8"
    resolved "https://registry.npmjs.org/eslint-config-prettier/-/eslint-config-prettier-10.1.8.tgz"
    integrity sha512-82GZUjRS0p/jganf6q1rEO25VSoHH0hKPCTrgillPjdI/3bgBhAE1QzHrHTizjpRvy6pGAvKjDJtk2pF9NDq8w==
  
  eslint-plugin-prettier@^5.5.4:
    version "5.5.4"
    resolved "https://registry.npmjs.org/eslint-plugin-prettier/-/eslint-plugin-prettier-5.5.4.tgz"
    integrity sha512-swNtI95SToIz05YINMA6Ox5R057IMAmWZ26GqPxusAp1TZzj+IdY9tXNWWD3vkF/wEqydCONcwjTFpxybBqZsg==
    dependencies:
      prettier-linter-helpers "^1.0.0"
      synckit "^0.11.7"
  
  eslint-scope@^8.4.0:
    version "8.4.0"
    resolved "https://registry.npmjs.org/eslint-scope/-/eslint-scope-8.4.0.tgz"
    integrity sha512-sNXOfKCn74rt8RICKMvJS7XKV/Xk9kA7DyJr8mJik3S7Cwgy3qlkkmyS2uQB3jiJg6VNdZd/pDBJu0nvG2NlTg==
    dependencies:
      esrecurse "^4.3.0"
      estraverse "^5.2.0"
  
  eslint-visitor-keys@^3.4.3:
    version "3.4.3"
    resolved "https://registry.npmjs.org/eslint-visitor-keys/-/eslint-visitor-keys-3.4.3.tgz"
    integrity sha512-wpc+LXeiyiisxPlEkUzU6svyS1frIO3Mgxj1fdy7Pm8Ygzguax2N3Fa/D/ag1WqbOprdI+uY6wMUl8/a2G+iag==
  
  eslint-visitor-keys@^4.2.1:
    version "4.2.1"
    resolved "https://registry.npmjs.org/eslint-visitor-keys/-/eslint-visitor-keys-4.2.1.tgz"
    integrity sha512-Uhdk5sfqcee/9H/rCOJikYz67o0a2Tw2hGRPOG2Y1R2dg7brRe1uG0yaNQDHu+TO/uQPF/5eCapvYSmHUjt7JQ==
  
  eslint@^9.39.2:
    version "9.39.2"
    resolved "https://registry.npmjs.org/eslint/-/eslint-9.39.2.tgz"
    integrity sha512-LEyamqS7W5HB3ujJyvi0HQK/dtVINZvd5mAAp9eT5S/ujByGjiZLCzPcHVzuXbpJDJF/cxwHlfceVUDZ2lnSTw==
    dependencies:
      "@eslint-community/eslint-utils" "^4.8.0"
      "@eslint-community/regexpp" "^4.12.1"
      "@eslint/config-array" "^0.21.1"
      "@eslint/config-helpers" "^0.4.2"
      "@eslint/core" "^0.17.0"
      "@eslint/eslintrc" "^3.3.1"
      "@eslint/js" "9.39.2"
      "@eslint/plugin-kit" "^0.4.1"
      "@humanfs/node" "^0.16.6"
      "@humanwhocodes/module-importer" "^1.0.1"
      "@humanwhocodes/retry" "^0.4.2"
      "@types/estree" "^1.0.6"
      ajv "^6.12.4"
      chalk "^4.0.0"
      cross-spawn "^7.0.6"
      debug "^4.3.2"
      escape-string-regexp "^4.0.0"
      eslint-scope "^8.4.0"
      eslint-visitor-keys "^4.2.1"
      espree "^10.4.0"
      esquery "^1.5.0"
      esutils "^2.0.2"
      fast-deep-equal "^3.1.3"
      file-entry-cache "^8.0.0"
      find-up "^5.0.0"
      glob-parent "^6.0.2"
      ignore "^5.2.0"
      imurmurhash "^0.1.4"
      is-glob "^4.0.0"
      json-stable-stringify-without-jsonify "^1.0.1"
      lodash.merge "^4.6.2"
      minimatch "^3.1.2"
      natural-compare "^1.4.0"
      optionator "^0.9.3"
  
  espree@^10.0.1, espree@^10.4.0:
    version "10.4.0"
    resolved "https://registry.npmjs.org/espree/-/espree-10.4.0.tgz"
    integrity sha512-j6PAQ2uUr79PZhBjP5C5fhl8e39FmRnOjsD5lGnWrFU8i2G776tBK7+nP8KuQUTTyAZUwfQqXAgrVH5MbH9CYQ==
    dependencies:
      acorn "^8.15.0"
      acorn-jsx "^5.3.2"
      eslint-visitor-keys "^4.2.1"
  
  esquery@^1.5.0:
    version "1.6.0"
    resolved "https://registry.npmjs.org/esquery/-/esquery-1.6.0.tgz"
    integrity sha512-ca9pw9fomFcKPvFLXhBKUK90ZvGibiGOvRJNbjljY7s7uq/5YO4BOzcYtJqExdx99rF6aAcnRxHmcUHcz6sQsg==
    dependencies:
      estraverse "^5.1.0"
  
  esrecurse@^4.3.0:
    version "4.3.0"
    resolved "https://registry.npmjs.org/esrecurse/-/esrecurse-4.3.0.tgz"
    integrity sha512-KmfKL3b6G+RXvP8N1vr3Tq1kL/oCFgn2NYXEtqP8/L3pKapUA4G8cFVaoF3SU323CD4XypR/ffioHmkti6/Tag==
    dependencies:
      estraverse "^5.2.0"
  
  estraverse@^5.1.0, estraverse@^5.2.0:
    version "5.3.0"
    resolved "https://registry.npmjs.org/estraverse/-/estraverse-5.3.0.tgz"
    integrity sha512-MMdARuVEQziNTeJD8DgMqmhwR11BRQ/cBP+pLtYdSTnf3MIO8fFeiINEbX36ZdNlfU/7A9f3gUw49B3oQsvwBA==
  
  esutils@^2.0.2:
    version "2.0.3"
    resolved "https://registry.npmjs.org/esutils/-/esutils-2.0.3.tgz"
    integrity sha512-kVscqXk4OCp68SZ0dkgEKVi6/8ij300KBWTJq32P/dYeWTSwK41WyTxalN1eRmA5Z9UU/LX9D7FWSmV9SAYx6g==
  
  eventemitter3@^5.0.1:
    version "5.0.1"
    resolved "https://registry.npmjs.org/eventemitter3/-/eventemitter3-5.0.1.tgz"
    integrity sha512-GWkBvjiSZK87ELrYOSESUYeVIc9mvLLf/nXalMOS5dYrgZq9o5OVkbZAVM06CVxYsCwH9BDZFPlQTlPA1j4ahA==
  
  exsolve@^1.0.7:
    version "1.0.8"
    resolved "https://registry.yarnpkg.com/exsolve/-/exsolve-1.0.8.tgz#7f5e34da61cd1116deda5136e62292c096f50613"
    integrity sha512-LmDxfWXwcTArk8fUEnOfSZpHOJ6zOMUJKOtFLFqJLoKJetuQG874Uc7/Kki7zFLzYybmZhp1M7+98pfMqeX8yA==
  
  fast-check@^3.23.1:
    version "3.23.2"
    resolved "https://registry.yarnpkg.com/fast-check/-/fast-check-3.23.2.tgz#0129f1eb7e4f500f58e8290edc83c670e4a574a2"
    integrity sha512-h5+1OzzfCC3Ef7VbtKdcv7zsstUQwUDlYpUTvjeUsJAssPgLn7QzbboPtL5ro04Mq0rPOsMzl7q5hIbRs2wD1A==
    dependencies:
      pure-rand "^6.1.0"
  
  fast-deep-equal@^3.1.1, fast-deep-equal@^3.1.3:
    version "3.1.3"
    resolved "https://registry.npmjs.org/fast-deep-equal/-/fast-deep-equal-3.1.3.tgz"
    integrity sha512-f3qQ9oQy9j2AhBe/H9VC91wLmKBCCU/gDOnKNAYG5hswO7BLKj09Hc5HYNz9cGI++xlpDCIgDaitVs03ATR84Q==
  
  fast-diff@^1.1.2:
    version "1.3.0"
    resolved "https://registry.npmjs.org/fast-diff/-/fast-diff-1.3.0.tgz"
    integrity sha512-VxPP4NqbUjj6MaAOafWeUn2cXWLcCtljklUtZf0Ind4XQ+QPtmA0b18zZy0jIQx+ExRVCR/ZQpBmik5lXshNsw==
  
  fast-glob@^3.2.9:
    version "3.3.3"
    resolved "https://registry.npmjs.org/fast-glob/-/fast-glob-3.3.3.tgz"
    integrity sha512-7MptL8U0cqcFdzIzwOTHoilX9x5BrNqye7Z/LuC7kCMRio1EMSyqRK3BEAUD7sXRq4iT4AzTVuZdhgQ2TCvYLg==
    dependencies:
      "@nodelib/fs.stat" "^2.0.2"
      "@nodelib/fs.walk" "^1.2.3"
      glob-parent "^5.1.2"
      merge2 "^1.3.0"
      micromatch "^4.0.8"
  
  fast-json-stable-stringify@^2.0.0:
    version "2.1.0"
    resolved "https://registry.npmjs.org/fast-json-stable-stringify/-/fast-json-stable-stringify-2.1.0.tgz"
    integrity sha512-lhd/wF+Lk98HZoTCtlVraHtfh5XYijIjalXck7saUtuanSDyLMxnHhSXEDJqHxD7msR8D0uCmqlkwjCV8xvwHw==
  
  fast-levenshtein@^2.0.6:
    version "2.0.6"
    resolved "https://registry.npmjs.org/fast-levenshtein/-/fast-levenshtein-2.0.6.tgz"
    integrity sha512-DCXu6Ifhqcks7TZKY3Hxp3y6qphY5SJZmrWMDrKcERSOXWQdMhU9Ig/PYrzyw/ul9jOIyh0N4M0tbC5hodg8dw==
  
  fastq@^1.6.0:
    version "1.20.1"
    resolved "https://registry.npmjs.org/fastq/-/fastq-1.20.1.tgz"
    integrity sha512-GGToxJ/w1x32s/D2EKND7kTil4n8OVk/9mycTc4VDza13lOvpUZTGX3mFSCtV9ksdGBVzvsyAVLM6mHFThxXxw==
    dependencies:
      reusify "^1.0.4"
  
  fb-watchman@^2.0.0:
    version "2.0.2"
    resolved "https://registry.npmjs.org/fb-watchman/-/fb-watchman-2.0.2.tgz"
    integrity sha512-p5161BqbuCaSnB8jIbzQHOlpgsPmK5rJVDfDKO91Axs5NC1uu3HRQm6wt9cd9/+GtQQIO53JdGXXoyDpTAsgYA==
    dependencies:
      bser "2.1.1"
  
  fbjs-css-vars@^1.0.0:
    version "1.0.2"
    resolved "https://registry.npmjs.org/fbjs-css-vars/-/fbjs-css-vars-1.0.2.tgz"
    integrity sha512-b2XGFAFdWZWg0phtAWLHCk836A1Xann+I+Dgd3Gk64MHKZO44FfoD1KxyvbSh0qZsIoXQGGlVztIY+oitJPpRQ==
  
  fbjs@^3.0.0:
    version "3.0.5"
    resolved "https://registry.npmjs.org/fbjs/-/fbjs-3.0.5.tgz"
    integrity sha512-ztsSx77JBtkuMrEypfhgc3cI0+0h+svqeie7xHbh1k/IKdcydnvadp/mUaGgjAOXQmQSxsqgaRhS3q9fy+1kxg==
    dependencies:
      cross-fetch "^3.1.5"
      fbjs-css-vars "^1.0.0"
      loose-envify "^1.0.0"
      object-assign "^4.1.0"
      promise "^7.1.1"
      setimmediate "^1.0.5"
      ua-parser-js "^1.0.35"
  
  fdir@^6.5.0:
    version "6.5.0"
    resolved "https://registry.npmjs.org/fdir/-/fdir-6.5.0.tgz"
    integrity sha512-tIbYtZbucOs0BRGqPJkshJUYdL+SDH7dVM8gjy+ERp3WAUjLEFJE+02kanyHtwjWOnwrKYBiwAmM0p4kLJAnXg==
  
  fetch-blob@^3.1.2, fetch-blob@^3.1.4:
    version "3.2.0"
    resolved "https://registry.npmjs.org/fetch-blob/-/fetch-blob-3.2.0.tgz"
    integrity sha512-7yAQpD2UMJzLi1Dqv7qFYnPbaPx7ZfFK6PiIxQ4PfkGPyNyl2Ugx+a/umUonmKqjhM4DnfbMvdX6otXq83soQQ==
    dependencies:
      node-domexception "^1.0.0"
      web-streams-polyfill "^3.0.3"
  
  file-entry-cache@^8.0.0:
    version "8.0.0"
    resolved "https://registry.npmjs.org/file-entry-cache/-/file-entry-cache-8.0.0.tgz"
    integrity sha512-XXTUwCvisa5oacNGRP9SfNtYBNAMi+RPwBFmblZEF7N7swHYQS6/Zfk7SRwx4D5j3CH211YNRco1DEMNVfZCnQ==
    dependencies:
      flat-cache "^4.0.0"
  
  fill-range@^7.1.1:
    version "7.1.1"
    resolved "https://registry.npmjs.org/fill-range/-/fill-range-7.1.1.tgz"
    integrity sha512-YsGpe3WHLK8ZYi4tWDg2Jy3ebRz2rXowDxnld4bkQB00cc/1Zw9AWnC0i9ztDJitivtQvaI9KaLyKrc+hBW0yg==
    dependencies:
      to-regex-range "^5.0.1"
  
  find-up@^5.0.0:
    version "5.0.0"
    resolved "https://registry.npmjs.org/find-up/-/find-up-5.0.0.tgz"
    integrity sha512-78/PXT1wlLLDgTzDs7sjq9hzz0vXD+zn+7wypEe4fXQxCmdmqfGsEPQxmiCSQI3ajFV91bVSsvNtrJRiW6nGng==
    dependencies:
      locate-path "^6.0.0"
      path-exists "^4.0.0"
  
  flat-cache@^4.0.0:
    version "4.0.1"
    resolved "https://registry.npmjs.org/flat-cache/-/flat-cache-4.0.1.tgz"
    integrity sha512-f7ccFPK3SXFHpx15UIGyRJ/FJQctuKZ0zVuN3frBo4HnK3cay9VEW0R6yPYFHC0AgqhukPzKjq22t5DmAyqGyw==
    dependencies:
      flatted "^3.2.9"
      keyv "^4.5.4"
  
  flatted@^3.2.9:
    version "3.3.3"
    resolved "https://registry.npmjs.org/flatted/-/flatted-3.3.3.tgz"
    integrity sha512-GX+ysw4PBCz0PzosHDepZGANEuFCMLrnRTiEy9McGjmkCQYwRq4A/X786G/fjM/+OjsWSU1ZrY5qyARZmO/uwg==
  
  foreground-child@3.3.1:
    version "3.3.1"
    resolved "https://registry.yarnpkg.com/foreground-child/-/foreground-child-3.3.1.tgz#32e8e9ed1b68a3497befb9ac2b6adf92a638576f"
    integrity sha512-gIXjKqtFuWEgzFRJA9WCQeSJLZDjgJUOMCMzxtvFq/37KojM1BFGufqsCy0r4qSQmYLsZYMeyRqzIWOMup03sw==
    dependencies:
      cross-spawn "^7.0.6"
      signal-exit "^4.0.1"
  
  formdata-polyfill@^4.0.10:
    version "4.0.10"
    resolved "https://registry.npmjs.org/formdata-polyfill/-/formdata-polyfill-4.0.10.tgz"
    integrity sha512-buewHzMvYL29jdeQTVILecSaZKnt/RJWjoZCF5OW60Z67/GmSLBkOFM7qh1PI3zFNtJbaZL5eQu1vLfazOwj4g==
    dependencies:
      fetch-blob "^3.1.2"
  
  fs.realpath@^1.0.0:
    version "1.0.0"
    resolved "https://registry.npmjs.org/fs.realpath/-/fs.realpath-1.0.0.tgz"
    integrity sha512-OO0pH2lK6a0hZnAdau5ItzHPI6pUlvI7jMVnxUQRtw4owF2wk8lOSabtGDCTP4Ggrg2MbGnWO9X8K1t4+fGMDw==
  
  fsevents@~2.3.2, fsevents@~2.3.3:
    version "2.3.3"
    resolved "https://registry.yarnpkg.com/fsevents/-/fsevents-2.3.3.tgz#cac6407785d03675a2a5e1a5305c697b347d90d6"
    integrity sha512-5xoDfX+fL7faATnagmWPpbFtwh/R77WmMMqqHGS65C3vvB0YHrgF+B1YmZ3441tMj5n63k0212XNoJwzlhffQw==
  
  function-bind@^1.1.2:
    version "1.1.2"
    resolved "https://registry.npmjs.org/function-bind/-/function-bind-1.1.2.tgz"
    integrity sha512-7XHNxH7qX9xG5mIwxkhumTox/MIRNcOgDrxWsMt2pAr23WHp6MrRlN7FBSFpCpr+oVO0F744iUgR82nJMfG2SA==
  
  generate-function@^2.3.1:
    version "2.3.1"
    resolved "https://registry.yarnpkg.com/generate-function/-/generate-function-2.3.1.tgz#f069617690c10c868e73b8465746764f97c3479f"
    integrity sha512-eeB5GfMNeevm/GRYq20ShmsaGcmI81kIX2K9XQx5miC8KdHaC6Jm0qQ8ZNeGOi7wYB8OsdxKs+Y2oVuTFuVwKQ==
    dependencies:
      is-property "^1.0.2"
  
  gensync@^1.0.0-beta.2:
    version "1.0.0-beta.2"
    resolved "https://registry.npmjs.org/gensync/-/gensync-1.0.0-beta.2.tgz"
    integrity sha512-3hN7NaskYvMDLQY55gnW3NQ+mesEAepTqlg+VEbj7zzqEMBVNhzcGYYeqFo/TlYz6eQiFcp1HcsCZO+nGgS8zg==
  
  get-caller-file@^2.0.5:
    version "2.0.5"
    resolved "https://registry.npmjs.org/get-caller-file/-/get-caller-file-2.0.5.tgz"
    integrity sha512-DyFP3BM/3YHTQOCUL/w0OZHR0lpKeGrxotcHWcqNEdnltqFwXVfhEBQ94eIo34AfQpo0rGki4cyIiftY06h2Fg==
  
  get-east-asian-width@^1.0.0, get-east-asian-width@^1.3.0, get-east-asian-width@^1.3.1:
    version "1.4.0"
    resolved "https://registry.npmjs.org/get-east-asian-width/-/get-east-asian-width-1.4.0.tgz"
    integrity sha512-QZjmEOC+IT1uk6Rx0sX22V6uHWVwbdbxf1faPqJ1QhLdGgsRGCZoyaQBm/piRdJy/D2um6hM1UP7ZEeQ4EkP+Q==
  
  get-port-please@3.1.2:
    version "3.1.2"
    resolved "https://registry.yarnpkg.com/get-port-please/-/get-port-please-3.1.2.tgz#502795e56217128e4183025c89a48c71652f4e49"
    integrity sha512-Gxc29eLs1fbn6LQ4jSU4vXjlwyZhF5HsGuMAa7gqBP4Rw4yxxltyDUuF5MBclFzDTXO+ACchGQoeela4DSfzdQ==
  
  get-tsconfig@^4.7.5:
    version "4.13.0"
    resolved "https://registry.yarnpkg.com/get-tsconfig/-/get-tsconfig-4.13.0.tgz#fcdd991e6d22ab9a600f00e91c318707a5d9a0d7"
    integrity sha512-1VKTZJCwBrvbd+Wn3AOgQP/2Av+TfTCOlE4AcRJE72W1ksZXbAx8PPBR9RzgTeSPzlPMHrbANMH3LbltH73wxQ==
    dependencies:
      resolve-pkg-maps "^1.0.0"
  
  giget@^2.0.0:
    version "2.0.0"
    resolved "https://registry.yarnpkg.com/giget/-/giget-2.0.0.tgz#395fc934a43f9a7a29a29d55b99f23e30c14f195"
    integrity sha512-L5bGsVkxJbJgdnwyuheIunkGatUF/zssUoxxjACCseZYAVbaqdh9Tsmmlkl8vYan09H7sbvKt4pS8GqKLBrEzA==
    dependencies:
      citty "^0.1.6"
      consola "^3.4.0"
      defu "^6.1.4"
      node-fetch-native "^1.6.6"
      nypm "^0.6.0"
      pathe "^2.0.3"
  
  glob-parent@^5.1.2, glob-parent@~5.1.2:
    version "5.1.2"
    resolved "https://registry.npmjs.org/glob-parent/-/glob-parent-5.1.2.tgz"
    integrity sha512-AOIgSQCepiJYwP3ARnGx+5VnTu2HBYdzbGP45eLw1vr3zB3vZLeyed1sC9hnbcOc9/SrMyM5RPQrkGz4aS9Zow==
    dependencies:
      is-glob "^4.0.1"
  
  glob-parent@^6.0.2:
    version "6.0.2"
    resolved "https://registry.npmjs.org/glob-parent/-/glob-parent-6.0.2.tgz"
    integrity sha512-XxwI8EOhVQgWp6iDL+3b0r86f4d6AX6zSU55HfB4ydCEuXLXc5FcYeOu+nnGftS4TEju/11rt4KJPTMgbfmv4A==
    dependencies:
      is-glob "^4.0.3"
  
  glob@^7.1.3:
    version "7.2.3"
    resolved "https://registry.npmjs.org/glob/-/glob-7.2.3.tgz"
    integrity sha512-nFR0zLpU2YCaRxwoCJvL6UvCH2JFyFVIvwTLsIf21AuHlMskA1hhTdk+LlYJtOlYt9v6dvszD2BGRqBL+iQK9Q==
    dependencies:
      fs.realpath "^1.0.0"
      inflight "^1.0.4"
      inherits "2"
      minimatch "^3.1.1"
      once "^1.3.0"
      path-is-absolute "^1.0.0"
  
  globals@^14.0.0:
    version "14.0.0"
    resolved "https://registry.npmjs.org/globals/-/globals-14.0.0.tgz"
    integrity sha512-oahGvuMGQlPw/ivIYBjVSrWAfWLBeku5tpPE2fOPLi+WHffIWbuh2tCjhyQhTBPMf5E9jDEH4FOmTYgYwbKwtQ==
  
  globby@^11.0.3:
    version "11.1.0"
    resolved "https://registry.npmjs.org/globby/-/globby-11.1.0.tgz"
    integrity sha512-jhIXaOzy1sb8IyocaruWSn1TjmnBVs8Ayhcy83rmxNJ8q2uWKCAj3CnJY+KpGSXCueAPc0i05kVvVKtP1t9S3g==
    dependencies:
      array-union "^2.1.0"
      dir-glob "^3.0.1"
      fast-glob "^3.2.9"
      ignore "^5.2.0"
      merge2 "^1.4.1"
      slash "^3.0.0"
  
  graceful-fs@^4.2.4:
    version "4.2.11"
    resolved "https://registry.yarnpkg.com/graceful-fs/-/graceful-fs-4.2.11.tgz#4183e4e8bf08bb6e05bbb2f7d2e0c8f712ca40e3"
    integrity sha512-RbJ5/jmFcNNCcDV5o9eTnBLJ/HszWV0P73bc+Ff4nS/rJj+YaS6IGyiOL0VoBYX+l1Wrl3k63h/KrH+nhJ0XvQ==
  
  grammex@^3.1.10:
    version "3.1.12"
    resolved "https://registry.yarnpkg.com/grammex/-/grammex-3.1.12.tgz#08f021dd2cad009e64248fb53247cc6108788404"
    integrity sha512-6ufJOsSA7LcQehIJNCO7HIBykfM7DXQual0Ny780/DEcJIpBlHRvcqEBWGPYd7hrXL2GJ3oJI1MIhaXjWmLQOQ==
  
  graphql-config@^5.1.1:
    version "5.1.5"
    resolved "https://registry.npmjs.org/graphql-config/-/graphql-config-5.1.5.tgz"
    integrity sha512-mG2LL1HccpU8qg5ajLROgdsBzx/o2M6kgI3uAmoaXiSH9PCUbtIyLomLqUtCFaAeG2YCFsl0M5cfQ9rKmDoMVA==
    dependencies:
      "@graphql-tools/graphql-file-loader" "^8.0.0"
      "@graphql-tools/json-file-loader" "^8.0.0"
      "@graphql-tools/load" "^8.1.0"
      "@graphql-tools/merge" "^9.0.0"
      "@graphql-tools/url-loader" "^8.0.0"
      "@graphql-tools/utils" "^10.0.0"
      cosmiconfig "^8.1.0"
      jiti "^2.0.0"
      minimatch "^9.0.5"
      string-env-interpolation "^1.0.1"
      tslib "^2.4.0"
  
  graphql-request@^7.4.0:
    version "7.4.0"
    resolved "https://registry.npmjs.org/graphql-request/-/graphql-request-7.4.0.tgz"
    integrity sha512-xfr+zFb/QYbs4l4ty0dltqiXIp07U6sl+tOKAb0t50/EnQek6CVVBLjETXi+FghElytvgaAWtIOt3EV7zLzIAQ==
    dependencies:
      "@graphql-typed-document-node/core" "^3.2.0"
  
  graphql-tag@^2.11.0, graphql-tag@^2.12.6:
    version "2.12.6"
    resolved "https://registry.npmjs.org/graphql-tag/-/graphql-tag-2.12.6.tgz"
    integrity sha512-FdSNcu2QQcWnM2VNvSCCDCVS5PpPqpzgFT8+GXzqJuoDd0CBncxCY278u4mhRO7tMgo2JjgJA5aZ+nWSQ/Z+xg==
    dependencies:
      tslib "^2.1.0"
  
  graphql-ws@^6.0.6:
    version "6.0.6"
    resolved "https://registry.npmjs.org/graphql-ws/-/graphql-ws-6.0.6.tgz"
    integrity sha512-zgfER9s+ftkGKUZgc0xbx8T7/HMO4AV5/YuYiFc+AtgcO5T0v8AxYYNQ+ltzuzDZgNkYJaFspm5MMYLjQzrkmw==
  
  graphql@^16.12.0:
    version "16.12.0"
    resolved "https://registry.npmjs.org/graphql/-/graphql-16.12.0.tgz"
    integrity sha512-DKKrynuQRne0PNpEbzuEdHlYOMksHSUI8Zc9Unei5gTsMNA2/vMpoMz/yKba50pejK56qj98qM0SjYxAKi13gQ==
  
  has-flag@^4.0.0:
    version "4.0.0"
    resolved "https://registry.npmjs.org/has-flag/-/has-flag-4.0.0.tgz"
    integrity sha512-EykJT/Q1KjTWctppgIAgfSO0tKVuZUjhgMr17kqTumMl6Afv3EISleU7qZUzoXDFTAHTDC4NOoG/ZxU3EvlMPQ==
  
  hasown@^2.0.2:
    version "2.0.2"
    resolved "https://registry.npmjs.org/hasown/-/hasown-2.0.2.tgz"
    integrity sha512-0hJU9SCPvmMzIBdZFqNPXWa6dqh7WdH0cII9y+CyS8rG3nL48Bclra9HmKhVVUHyPWNH5Y7xDwAB7bfgSjkUMQ==
    dependencies:
      function-bind "^1.1.2"
  
  header-case@^2.0.4:
    version "2.0.4"
    resolved "https://registry.npmjs.org/header-case/-/header-case-2.0.4.tgz"
    integrity sha512-H/vuk5TEEVZwrR0lp2zed9OCo1uAILMlx0JEMgC26rzyJJ3N1v6XkwHHXJQdR2doSjcGPM6OKPYoJgf0plJ11Q==
    dependencies:
      capital-case "^1.0.4"
      tslib "^2.0.3"
  
  hono@4.10.6:
    version "4.10.6"
    resolved "https://registry.yarnpkg.com/hono/-/hono-4.10.6.tgz#b80cf3903b3d12b02c472dadf28d046874e89e5a"
    integrity sha512-BIdolzGpDO9MQ4nu3AUuDwHZZ+KViNm+EZ75Ae55eMXMqLVhDFqEMXxtUe9Qh8hjL+pIna/frs2j6Y2yD5Ua/g==
  
  http-status-codes@2.3.0:
    version "2.3.0"
    resolved "https://registry.yarnpkg.com/http-status-codes/-/http-status-codes-2.3.0.tgz#987fefb28c69f92a43aecc77feec2866349a8bfc"
    integrity sha512-RJ8XvFvpPM/Dmc5SV+dC4y5PCeOhT3x1Hq0NU3rjGeg5a/CqlhZ7uudknPwZFz4aeAXDcbAyaeP7GAo9lvngtA==
  
  iconv-lite@^0.7.0:
    version "0.7.1"
    resolved "https://registry.npmjs.org/iconv-lite/-/iconv-lite-0.7.1.tgz"
    integrity sha512-2Tth85cXwGFHfvRgZWszZSvdo+0Xsqmw8k8ZwxScfcBneNUraK+dxRxRm24nszx80Y0TVio8kKLt5sLE7ZCLlw==
    dependencies:
      safer-buffer ">= 2.1.2 < 3.0.0"
  
  ignore@^5.2.0:
    version "5.3.2"
    resolved "https://registry.npmjs.org/ignore/-/ignore-5.3.2.tgz"
    integrity sha512-hsBTNUqQTDwkWtcdYI2i06Y/nUBEsNEDJKjWdigLvegy8kDuJAS8uRlpkkcQpyEXL0Z/pjDy5HBmMjRCJ2gq+g==
  
  ignore@^7.0.0:
    version "7.0.5"
    resolved "https://registry.npmjs.org/ignore/-/ignore-7.0.5.tgz"
    integrity sha512-Hs59xBNfUIunMFgWAbGX5cq6893IbWg4KnrjbYwX3tx0ztorVgTDA6B2sxf8ejHJ4wz8BqGUMYlnzNBer5NvGg==
  
  immutable@~3.7.6:
    version "3.7.6"
    resolved "https://registry.npmjs.org/immutable/-/immutable-3.7.6.tgz"
    integrity sha512-AizQPcaofEtO11RZhPPHBOJRdo/20MKQF9mBLnVkBoyHi1/zXK8fzVdnEpSV9gxqtnh6Qomfp3F0xT5qP/vThw==
  
  import-fresh@^3.2.1, import-fresh@^3.3.0:
    version "3.3.1"
    resolved "https://registry.npmjs.org/import-fresh/-/import-fresh-3.3.1.tgz"
    integrity sha512-TR3KfrTZTYLPB6jUjfx6MF9WcWrHL9su5TObK4ZkYgBdWKPOFoSoQIdEuTuR82pmtxH2spWG9h6etwfr1pLBqQ==
    dependencies:
      parent-module "^1.0.0"
      resolve-from "^4.0.0"
  
  import-from@4.0.0:
    version "4.0.0"
    resolved "https://registry.npmjs.org/import-from/-/import-from-4.0.0.tgz"
    integrity sha512-P9J71vT5nLlDeV8FHs5nNxaLbrpfAV5cF5srvbZfpwpcJoM/xZR3hiv+q+SAnuSmuGbXMWud063iIMx/V/EWZQ==
  
  imurmurhash@^0.1.4:
    version "0.1.4"
    resolved "https://registry.npmjs.org/imurmurhash/-/imurmurhash-0.1.4.tgz"
    integrity sha512-JmXMZ6wuvDmLiHEml9ykzqO6lwFbof0GG4IkcGaENdCRDDmMVnny7s5HsIgHCbaq0w2MyPhDqkhTUgS2LU2PHA==
  
  inflight@^1.0.4:
    version "1.0.6"
    resolved "https://registry.npmjs.org/inflight/-/inflight-1.0.6.tgz"
    integrity sha512-k92I/b08q4wvFscXCLvqfsHCrjrF7yiXsQuIVvVE7N82W3+aqpzuUdBbfhWcy/FZR3/4IgflMgKLOsvPDrGCJA==
    dependencies:
      once "^1.3.0"
      wrappy "1"
  
  inherits@2:
    version "2.0.4"
    resolved "https://registry.npmjs.org/inherits/-/inherits-2.0.4.tgz"
    integrity sha512-k/vGaX4/Yla3WzyMCvTQOXYeIHvqOKtnqBduzTHpzpQZzAskKMhZ2K+EnBiSM9zGSoIFeMpXKxa4dYeZIQqewQ==
  
  invariant@^2.2.4:
    version "2.2.4"
    resolved "https://registry.npmjs.org/invariant/-/invariant-2.2.4.tgz"
    integrity sha512-phJfQVBuaJM5raOpJjSfkiD6BpbCE4Ns//LaXl6wGYtUBY83nWS6Rf9tXm2e8VaK60JEjYldbPif/A2B1C2gNA==
    dependencies:
      loose-envify "^1.0.0"
  
  is-absolute@^1.0.0:
    version "1.0.0"
    resolved "https://registry.npmjs.org/is-absolute/-/is-absolute-1.0.0.tgz"
    integrity sha512-dOWoqflvcydARa360Gvv18DZ/gRuHKi2NU/wU5X1ZFzdYfH29nkiNZsF3mp4OJ3H4yo9Mx8A/uAGNzpzPN3yBA==
    dependencies:
      is-relative "^1.0.0"
      is-windows "^1.0.1"
  
  is-arrayish@^0.2.1:
    version "0.2.1"
    resolved "https://registry.npmjs.org/is-arrayish/-/is-arrayish-0.2.1.tgz"
    integrity sha512-zz06S8t0ozoDXMG+ube26zeCTNXcKIPJZJi8hBrF4idCLms4CG9QtK7qBl1boi5ODzFpjswb5JPmHCbMpjaYzg==
  
  is-binary-path@~2.1.0:
    version "2.1.0"
    resolved "https://registry.npmjs.org/is-binary-path/-/is-binary-path-2.1.0.tgz"
    integrity sha512-ZMERYes6pDydyuGidse7OsHxtbI7WVeUEozgR/g7rd0xUimYNlvZRE/K2MgZTjWy725IfelLeVcEM97mmtRGXw==
    dependencies:
      binary-extensions "^2.0.0"
  
  is-core-module@^2.16.1:
    version "2.16.1"
    resolved "https://registry.npmjs.org/is-core-module/-/is-core-module-2.16.1.tgz"
    integrity sha512-UfoeMA6fIJ8wTYFEUjelnaGI67v6+N7qXJEvQuIGa99l4xsCruSYOVSQ0uPANn4dAzm8lkYPaKLrrijLq7x23w==
    dependencies:
      hasown "^2.0.2"
  
  is-extglob@^2.1.1:
    version "2.1.1"
    resolved "https://registry.npmjs.org/is-extglob/-/is-extglob-2.1.1.tgz"
    integrity sha512-SbKbANkN603Vi4jEZv49LeVJMn4yGwsbzZworEoyEiutsN3nJYdbO36zfhGJ6QEDpOZIFkDtnq5JRxmvl3jsoQ==
  
  is-fullwidth-code-point@^3.0.0:
    version "3.0.0"
    resolved "https://registry.npmjs.org/is-fullwidth-code-point/-/is-fullwidth-code-point-3.0.0.tgz"
    integrity sha512-zymm5+u+sCsSWyD9qNaejV3DFvhCKclKdizYaJUuHA83RLjb7nSuGnddCHGv0hk+KY7BMAlsWeK4Ueg6EV6XQg==
  
  is-fullwidth-code-point@^5.0.0:
    version "5.1.0"
    resolved "https://registry.npmjs.org/is-fullwidth-code-point/-/is-fullwidth-code-point-5.1.0.tgz"
    integrity sha512-5XHYaSyiqADb4RnZ1Bdad6cPp8Toise4TzEjcOYDHZkTCbKgiUl7WTUCpNWHuxmDt91wnsZBc9xinNzopv3JMQ==
    dependencies:
      get-east-asian-width "^1.3.1"
  
  is-glob@4.0.3, is-glob@^4.0.0, is-glob@^4.0.1, is-glob@^4.0.3, is-glob@~4.0.1:
    version "4.0.3"
    resolved "https://registry.npmjs.org/is-glob/-/is-glob-4.0.3.tgz"
    integrity sha512-xelSayHH36ZgE7ZWhli7pW34hNbNl8Ojv5KVmkJD4hBdD3th8Tfk9vYasLM+mXWOZhFkgZfxhLSnrwRr4elSSg==
    dependencies:
      is-extglob "^2.1.1"
  
  is-lower-case@^2.0.2:
    version "2.0.2"
    resolved "https://registry.npmjs.org/is-lower-case/-/is-lower-case-2.0.2.tgz"
    integrity sha512-bVcMJy4X5Og6VZfdOZstSexlEy20Sr0k/p/b2IlQJlfdKAQuMpiv5w2Ccxb8sKdRUNAG1PnHVHjFSdRDVS6NlQ==
    dependencies:
      tslib "^2.0.3"
  
  is-number@^7.0.0:
    version "7.0.0"
    resolved "https://registry.npmjs.org/is-number/-/is-number-7.0.0.tgz"
    integrity sha512-41Cifkg6e8TylSpdtTpeLVMqvSBEVzTttHvERD741+pnZ8ANv0004MRL43QKPDlK9cGvNp6NZWZUBlbGXYxxng==
  
  is-property@^1.0.2:
    version "1.0.2"
    resolved "https://registry.yarnpkg.com/is-property/-/is-property-1.0.2.tgz#57fe1c4e48474edd65b09911f26b1cd4095dda84"
    integrity sha512-Ks/IoX00TtClbGQr4TWXemAnktAQvYB7HzcCxDGqEZU6oCmb2INHuOoKxbtR+HFkmYWBKv/dOZtGRiAjDhj92g==
  
  is-relative@^1.0.0:
    version "1.0.0"
    resolved "https://registry.npmjs.org/is-relative/-/is-relative-1.0.0.tgz"
    integrity sha512-Kw/ReK0iqwKeu0MITLFuj0jbPAmEiOsIwyIXvvbfa6QfmN9pkD1M+8pdk7Rl/dTKbH34/XBFMbgD4iMJhLQbGA==
    dependencies:
      is-unc-path "^1.0.0"
  
  is-unc-path@^1.0.0:
    version "1.0.0"
    resolved "https://registry.npmjs.org/is-unc-path/-/is-unc-path-1.0.0.tgz"
    integrity sha512-mrGpVd0fs7WWLfVsStvgF6iEJnbjDFZh9/emhRDcGWTduTfNHd9CHeUwH3gYIjdbwo4On6hunkztwOaAw0yllQ==
    dependencies:
      unc-path-regex "^0.1.2"
  
  is-unicode-supported@^0.1.0:
    version "0.1.0"
    resolved "https://registry.npmjs.org/is-unicode-supported/-/is-unicode-supported-0.1.0.tgz"
    integrity sha512-knxG2q4UC3u8stRGyAVJCOdxFmv5DZiRcdlIaAQXAbSfJya+OhopNotLQrstBhququ4ZpuKbDc/8S6mgXgPFPw==
  
  is-upper-case@^2.0.2:
    version "2.0.2"
    resolved "https://registry.npmjs.org/is-upper-case/-/is-upper-case-2.0.2.tgz"
    integrity sha512-44pxmxAvnnAOwBg4tHPnkfvgjPwbc5QIsSstNU+YcJ1ovxVzCWpSGosPJOZh/a1tdl81fbgnLc9LLv+x2ywbPQ==
    dependencies:
      tslib "^2.0.3"
  
  is-windows@^1.0.1:
    version "1.0.2"
    resolved "https://registry.npmjs.org/is-windows/-/is-windows-1.0.2.tgz"
    integrity sha512-eXK1UInq2bPmjyX6e3VHIzMLobc4J94i4AWn+Hpq3OU5KkrRC96OAcR3PRJ/pGu6m8TRnBHP9dkXQVsT/COVIA==
  
  isexe@^2.0.0:
    version "2.0.0"
    resolved "https://registry.npmjs.org/isexe/-/isexe-2.0.0.tgz"
    integrity sha512-RHxMLp9lnKHGHRng9QFhRCMbYAcVpn69smSGcq3f36xjgVVWThj4qqLbTLlq7Ssj8B+fIQ1EuCEGI2lKsyQeIw==
  
  isomorphic-ws@^5.0.0:
    version "5.0.0"
    resolved "https://registry.npmjs.org/isomorphic-ws/-/isomorphic-ws-5.0.0.tgz"
    integrity sha512-muId7Zzn9ywDsyXgTIafTry2sV3nySZeUDe6YedVd1Hvuuep5AsIlqK+XefWpYTyJG5e503F2xIuT2lcU6rCSw==
  
  isows@^1.0.7:
    version "1.0.7"
    resolved "https://registry.npmjs.org/isows/-/isows-1.0.7.tgz"
    integrity sha512-I1fSfDCZL5P0v33sVqeTDSpcstAg/N+wF5HS033mogOVIp4B+oHC7oOCsA3axAbBSGTJ8QubbNmnIRN/h8U7hg==
  
  jiti@^2.0.0, jiti@^2.3.0, jiti@^2.4.2:
    version "2.6.1"
    resolved "https://registry.npmjs.org/jiti/-/jiti-2.6.1.tgz"
    integrity sha512-ekilCSN1jwRvIbgeg/57YFh8qQDNbwDb9xT/qu2DAHbFFZUicIl4ygVaAvzveMhMVr3LnpSKTNnwt8PoOfmKhQ==
  
  "js-tokens@^3.0.0 || ^4.0.0", js-tokens@^4.0.0:
    version "4.0.0"
    resolved "https://registry.npmjs.org/js-tokens/-/js-tokens-4.0.0.tgz"
    integrity sha512-RdJUflcE3cUzKiMqQgsCu06FPu9UdIJO0beYbPhHN4k6apgJtifcoCtT9bcxOpYBtpD2kCM6Sbzg4CausW/PKQ==
  
  js-yaml@^4.1.0, js-yaml@^4.1.1:
    version "4.1.1"
    resolved "https://registry.npmjs.org/js-yaml/-/js-yaml-4.1.1.tgz"
    integrity sha512-qQKT4zQxXl8lLwBtHMWwaTcGfFOZviOJet3Oy/xmGk2gZH677CJM9EvtfdSkgWcATZhj/55JZ0rmy3myCT5lsA==
    dependencies:
      argparse "^2.0.1"
  
  jsesc@^3.0.2:
    version "3.1.0"
    resolved "https://registry.npmjs.org/jsesc/-/jsesc-3.1.0.tgz"
    integrity sha512-/sM3dO2FOzXjKQhJuo0Q173wf2KOo8t4I8vHy6lF9poUp7bKT0/NHE8fPX23PwfhnykfqnC2xRxOnVw5XuGIaA==
  
  json-buffer@3.0.1:
    version "3.0.1"
    resolved "https://registry.npmjs.org/json-buffer/-/json-buffer-3.0.1.tgz"
    integrity sha512-4bV5BfR2mqfQTJm+V5tPPdf+ZpuhiIvTuAB5g8kcrXOZpTT/QwwVRWBywX1ozr6lEuPdbHxwaJlm9G6mI2sfSQ==
  
  json-parse-even-better-errors@^2.3.0:
    version "2.3.1"
    resolved "https://registry.npmjs.org/json-parse-even-better-errors/-/json-parse-even-better-errors-2.3.1.tgz"
    integrity sha512-xyFwyhro/JEof6Ghe2iz2NcXoj2sloNsWr/XsERDK/oiPCfaNhl5ONfp+jQdAZRQQ0IJWNzH9zIZF7li91kh2w==
  
  json-schema-traverse@^0.4.1:
    version "0.4.1"
    resolved "https://registry.npmjs.org/json-schema-traverse/-/json-schema-traverse-0.4.1.tgz"
    integrity sha512-xbbCH5dCYU5T8LcEhhuh7HJ88HXuW3qsI3Y0zOZFKfZEHcpWiHU/Jxzk629Brsab/mMiHQti9wMP+845RPe3Vg==
  
  json-stable-stringify-without-jsonify@^1.0.1:
    version "1.0.1"
    resolved "https://registry.npmjs.org/json-stable-stringify-without-jsonify/-/json-stable-stringify-without-jsonify-1.0.1.tgz"
    integrity sha512-Bdboy+l7tA3OGW6FjyFHWkP5LuByj1Tk33Ljyq0axyzdk9//JSi2u3fP1QSmd1KNwq6VOKYGlAu87CisVir6Pw==
  
  json-to-pretty-yaml@^1.2.2:
    version "1.2.2"
    resolved "https://registry.npmjs.org/json-to-pretty-yaml/-/json-to-pretty-yaml-1.2.2.tgz"
    integrity sha512-rvm6hunfCcqegwYaG5T4yKJWxc9FXFgBVrcTZ4XfSVRwa5HA/Xs+vB/Eo9treYYHCeNM0nrSUr82V/M31Urc7A==
    dependencies:
      remedial "^1.0.7"
      remove-trailing-spaces "^1.0.6"
  
  json5@^2.2.3:
    version "2.2.3"
    resolved "https://registry.npmjs.org/json5/-/json5-2.2.3.tgz"
    integrity sha512-XmOWe7eyHYH14cLdVPoyg+GOH3rYX++KpzrylJwSW98t3Nk+U8XOl8FWKOgwtzdb8lXGf6zYwDUzeHMWfxasyg==
  
  keyv@^4.5.4:
    version "4.5.4"
    resolved "https://registry.npmjs.org/keyv/-/keyv-4.5.4.tgz"
    integrity sha512-oxVHkHR/EJf2CNXnWxRLW6mg7JyCCUcG0DtEGmL2ctUo1PNTin1PUil+r/+4r5MpVgC/fn1kjsx7mjSujKqIpw==
    dependencies:
      json-buffer "3.0.1"
  
  levn@^0.4.1:
    version "0.4.1"
    resolved "https://registry.npmjs.org/levn/-/levn-0.4.1.tgz"
    integrity sha512-+bT2uH4E5LGE7h/n3evcS/sQlJXCpIp6ym8OWJ5eV6+67Dsql/LaaT7qJBAt2rzfoa/5QBGBhxDix1dMt2kQKQ==
    dependencies:
      prelude-ls "^1.2.1"
      type-check "~0.4.0"
  
  lilconfig@^2.1.0:
    version "2.1.0"
    resolved "https://registry.yarnpkg.com/lilconfig/-/lilconfig-2.1.0.tgz#78e23ac89ebb7e1bfbf25b18043de756548e7f52"
    integrity sha512-utWOt/GHzuUxnLKxB6dk81RoOeoNeHgbrXiuGk4yyF5qlRz+iIVWu56E2fqGHFrXz0QNUhLB/8nKqvRH66JKGQ==
  
  lines-and-columns@^1.1.6:
    version "1.2.4"
    resolved "https://registry.npmjs.org/lines-and-columns/-/lines-and-columns-1.2.4.tgz"
    integrity sha512-7ylylesZQ/PV29jhEDl3Ufjo6ZX7gCqJr5F7PKrqc93v7fzSymt1BpwEU8nAUXs8qzzvqhbjhK5QZg6Mt/HkBg==
  
  listr2@^9.0.0:
    version "9.0.5"
    resolved "https://registry.npmjs.org/listr2/-/listr2-9.0.5.tgz"
    integrity sha512-ME4Fb83LgEgwNw96RKNvKV4VTLuXfoKudAmm2lP8Kk87KaMK0/Xrx/aAkMWmT8mDb+3MlFDspfbCs7adjRxA2g==
    dependencies:
      cli-truncate "^5.0.0"
      colorette "^2.0.20"
      eventemitter3 "^5.0.1"
      log-update "^6.1.0"
      rfdc "^1.4.1"
      wrap-ansi "^9.0.0"
  
  locate-path@^6.0.0:
    version "6.0.0"
    resolved "https://registry.npmjs.org/locate-path/-/locate-path-6.0.0.tgz"
    integrity sha512-iPZK6eYjbxRu3uB4/WZ3EsEIMJFMqAoopl3R+zuq0UjcAm/MO6KCweDgPfP3elTztoKP3KtnVHxTn2NHBSDVUw==
    dependencies:
      p-locate "^5.0.0"
  
  lodash.merge@^4.6.2:
    version "4.6.2"
    resolved "https://registry.npmjs.org/lodash.merge/-/lodash.merge-4.6.2.tgz"
    integrity sha512-0KpjqXRVvrYyCsX1swR/XTK0va6VQkQM6MNo7PqW77ByjAhoARA8EfrP1N4+KlKj8YS0ZUCtRT/YUuhyYDujIQ==
  
  lodash.sortby@^4.7.0:
    version "4.7.0"
    resolved "https://registry.npmjs.org/lodash.sortby/-/lodash.sortby-4.7.0.tgz"
    integrity sha512-HDWXG8isMntAyRF5vZ7xKuEvOhT4AhlRt/3czTSjvGUxjYCBVRQY48ViDHyfYz9VIoBkW4TMGQNapx+l3RUwdA==
  
  lodash@4.17.21, lodash@~4.17.0:
    version "4.17.21"
    resolved "https://registry.npmjs.org/lodash/-/lodash-4.17.21.tgz"
    integrity sha512-v2kDEe57lecTulaDIuNTPy3Ry4gLGJ6Z1O3vE1krgXZNrsQ+LFTGHVxVjcXPs17LhbZVGedAJv8XZ1tvj5FvSg==
  
  log-symbols@^4.0.0:
    version "4.1.0"
    resolved "https://registry.npmjs.org/log-symbols/-/log-symbols-4.1.0.tgz"
    integrity sha512-8XPvpAA8uyhfteu8pIvQxpJZ7SYYdpUivZpGy6sFsBuKRY/7rQGavedeB8aK+Zkyq6upMFVL/9AW6vOYzfRyLg==
    dependencies:
      chalk "^4.1.0"
      is-unicode-supported "^0.1.0"
  
  log-update@^6.1.0:
    version "6.1.0"
    resolved "https://registry.npmjs.org/log-update/-/log-update-6.1.0.tgz"
    integrity sha512-9ie8ItPR6tjY5uYJh8K/Zrv/RMZ5VOlOWvtZdEHYSTFKZfIBPQa9tOAEeAWhd+AnIneLJ22w5fjOYtoutpWq5w==
    dependencies:
      ansi-escapes "^7.0.0"
      cli-cursor "^5.0.0"
      slice-ansi "^7.1.0"
      strip-ansi "^7.1.0"
      wrap-ansi "^9.0.0"
  
  long@^5.2.1:
    version "5.3.2"
    resolved "https://registry.yarnpkg.com/long/-/long-5.3.2.tgz#1d84463095999262d7d7b7f8bfd4a8cc55167f83"
    integrity sha512-mNAgZ1GmyNhD7AuqnTG3/VQ26o760+ZYBPKjPvugO8+nLbYfX6TVpJPseBvopbdY+qpZ/lKUnmEc1LeZYS3QAA==
  
  loose-envify@^1.0.0:
    version "1.4.0"
    resolved "https://registry.npmjs.org/loose-envify/-/loose-envify-1.4.0.tgz"
    integrity sha512-lyuxPGr/Wfhrlem2CL/UcnUc1zcqKAImBDzukY7Y5F/yQiNdko6+fRLevlw1HgMySw7f611UIY408EtxRSoK3Q==
    dependencies:
      js-tokens "^3.0.0 || ^4.0.0"
  
  lower-case-first@^2.0.2:
    version "2.0.2"
    resolved "https://registry.npmjs.org/lower-case-first/-/lower-case-first-2.0.2.tgz"
    integrity sha512-EVm/rR94FJTZi3zefZ82fLWab+GX14LJN4HrWBcuo6Evmsl9hEfnqxgcHCKb9q+mNf6EVdsjx/qucYFIIB84pg==
    dependencies:
      tslib "^2.0.3"
  
  lower-case@^2.0.2:
    version "2.0.2"
    resolved "https://registry.npmjs.org/lower-case/-/lower-case-2.0.2.tgz"
    integrity sha512-7fm3l3NAF9WfN6W3JOmf5drwpVqX78JtoGJ3A6W0a6ZnldM41w2fV5D490psKFTpMds8TJse/eHLFFsNHHjHgg==
    dependencies:
      tslib "^2.0.3"
  
  lru-cache@^5.1.1:
    version "5.1.1"
    resolved "https://registry.npmjs.org/lru-cache/-/lru-cache-5.1.1.tgz"
    integrity sha512-KpNARQA3Iwv+jTA0utUVVbrh+Jlrr1Fv0e56GGzAFOXN7dk/FviaDW8LHmK52DlcH4WP2n6gI8vN1aesBFgo9w==
    dependencies:
      yallist "^3.0.2"
  
  lru.min@^1.0.0, lru.min@^1.1.0:
    version "1.1.3"
    resolved "https://registry.yarnpkg.com/lru.min/-/lru.min-1.1.3.tgz#c8c3d001dfb4cbe5b8d1f4bea207d4a320e5d76f"
    integrity sha512-Lkk/vx6ak3rYkRR0Nhu4lFUT2VDnQSxBe8Hbl7f36358p6ow8Bnvr8lrLt98H8J1aGxfhbX4Fs5tYg2+FTwr5Q==
  
  make-error@^1.1.1:
    version "1.3.6"
    resolved "https://registry.npmjs.org/make-error/-/make-error-1.3.6.tgz"
    integrity sha512-s8UhlNe7vPKomQhC1qFelMokr/Sc3AgNbso3n74mVPA5LTZwkB9NlXf4XPamLxJE8h0gh73rM94xvwRT2CVInw==
  
  map-cache@^0.2.0:
    version "0.2.2"
    resolved "https://registry.npmjs.org/map-cache/-/map-cache-0.2.2.tgz"
    integrity sha512-8y/eV9QQZCiyn1SprXSrCmqJN0yNRATe+PO8ztwqrvrbdRLA3eYJF0yaR0YayLWkMbsQSKWS9N2gPcGEc4UsZg==
  
  merge2@^1.3.0, merge2@^1.4.1:
    version "1.4.1"
    resolved "https://registry.npmjs.org/merge2/-/merge2-1.4.1.tgz"
    integrity sha512-8q7VEgMJW4J8tcfVPy8g09NcQwZdbwFEqhe/WZkoIzjn/3TGDwtOCYtXGxA3O8tPzpczCCDgv+P2P5y00ZJOOg==
  
  meros@^1.2.1, meros@^1.3.2:
    version "1.3.2"
    resolved "https://registry.npmjs.org/meros/-/meros-1.3.2.tgz"
    integrity sha512-Q3mobPbvEx7XbwhnC1J1r60+5H6EZyNccdzSz0eGexJRwouUtTZxPVRGdqKtxlpD84ScK4+tIGldkqDtCKdI0A==
  
  micromatch@^4.0.5, micromatch@^4.0.8:
    version "4.0.8"
    resolved "https://registry.npmjs.org/micromatch/-/micromatch-4.0.8.tgz"
    integrity sha512-PXwfBhYu0hBCPw8Dn0E+WDYb7af3dSLVWKi3HGv84IdF4TyFoC0ysxFd0Goxw7nSv4T/PzEJQxsYsEiFCKo2BA==
    dependencies:
      braces "^3.0.3"
      picomatch "^2.3.1"
  
  mimic-function@^5.0.0:
    version "5.0.1"
    resolved "https://registry.npmjs.org/mimic-function/-/mimic-function-5.0.1.tgz"
    integrity sha512-VP79XUPxV2CigYP3jWwAUFSku2aKqBH7uTAapFWCBqutsbmDo96KY5o8uh6U+/YSIn5OxJnXp73beVkpqMIGhA==
  
  minimatch@^3.1.1, minimatch@^3.1.2:
    version "3.1.2"
    resolved "https://registry.npmjs.org/minimatch/-/minimatch-3.1.2.tgz"
    integrity sha512-J7p63hRiAjw1NDEww1W7i37+ByIrOWO5XQQAzZ3VOcL0PNybwpfmV/N05zFAzwQ9USyEcX6t3UO+K5aqBQOIHw==
    dependencies:
      brace-expansion "^1.1.7"
  
  minimatch@^9.0.4, minimatch@^9.0.5:
    version "9.0.5"
    resolved "https://registry.npmjs.org/minimatch/-/minimatch-9.0.5.tgz"
    integrity sha512-G6T0ZX48xgozx7587koeX9Ys2NYy6Gmv//P89sEte9V9whIapMNF4idKxnW2QtCcLiTWlb/wfCabAtAFWhhBow==
    dependencies:
      brace-expansion "^2.0.1"
  
  minimist@^1.2.6:
    version "1.2.8"
    resolved "https://registry.npmjs.org/minimist/-/minimist-1.2.8.tgz"
    integrity sha512-2yyAR8qBkN3YuheJanUpWC5U3bb5osDywNB8RzDVlDwDHbocAJveqqj1u8+SVD7jkWT4yvsHCpWqqWqAxb0zCA==
  
  mkdirp@^1.0.4:
    version "1.0.4"
    resolved "https://registry.npmjs.org/mkdirp/-/mkdirp-1.0.4.tgz"
    integrity sha512-vVqVZQyf3WLx2Shd0qJ9xuvqgAyKPLAiqITEtqW0oIUjzo3PePDd6fW9iFz30ef7Ysp/oiWqbhszeGWW2T6Gzw==
  
  ms@^2.1.3:
    version "2.1.3"
    resolved "https://registry.npmjs.org/ms/-/ms-2.1.3.tgz"
    integrity sha512-6FlzubTLZG3J2a/NVCAleEhjzq5oxgHyaCU9yYXvcLsvoVaHJq/s5xXI6/XXP6tz7R9xAOtHnSO/tXtF3WRTlA==
  
  mute-stream@^2.0.0:
    version "2.0.0"
    resolved "https://registry.npmjs.org/mute-stream/-/mute-stream-2.0.0.tgz"
    integrity sha512-WWdIxpyjEn+FhQJQQv9aQAYlHoNVdzIzUySNV1gHUPDSdZJ3yZn7pAAbQcV7B56Mvu881q9FZV+0Vx2xC44VWA==
  
  mysql2@3.15.3:
    version "3.15.3"
    resolved "https://registry.yarnpkg.com/mysql2/-/mysql2-3.15.3.tgz#f0348d9c7401bb98cb1f45ffc5a773b109f70808"
    integrity sha512-FBrGau0IXmuqg4haEZRBfHNWB5mUARw6hNwPDXXGg0XzVJ50mr/9hb267lvpVMnhZ1FON3qNd4Xfcez1rbFwSg==
    dependencies:
      aws-ssl-profiles "^1.1.1"
      denque "^2.1.0"
      generate-function "^2.3.1"
      iconv-lite "^0.7.0"
      long "^5.2.1"
      lru.min "^1.0.0"
      named-placeholders "^1.1.3"
      seq-queue "^0.0.5"
      sqlstring "^2.3.2"
  
  named-placeholders@^1.1.3:
    version "1.1.6"
    resolved "https://registry.yarnpkg.com/named-placeholders/-/named-placeholders-1.1.6.tgz#c50c6920b43f258f59c16add1e56654f5cc02bb5"
    integrity sha512-Tz09sEL2EEuv5fFowm419c1+a/jSMiBjI9gHxVLrVdbUkkNUUfjsVYs9pVZu5oCon/kmRh9TfLEObFtkVxmY0w==
    dependencies:
      lru.min "^1.1.0"
  
  natural-compare@^1.4.0:
    version "1.4.0"
    resolved "https://registry.npmjs.org/natural-compare/-/natural-compare-1.4.0.tgz"
    integrity sha512-OWND8ei3VtNC9h7V60qff3SVobHr996CTwgxubgyQYEpg290h9J0buyECNNJexkFm5sOajh5G116RYA1c8ZMSw==
  
  no-case@^3.0.4:
    version "3.0.4"
    resolved "https://registry.npmjs.org/no-case/-/no-case-3.0.4.tgz"
    integrity sha512-fgAN3jGAh+RoxUGZHTSOLJIqUc2wmoBwGR4tbpNAKmmovFoWq0OdRkb0VkldReO2a2iBT/OEulG9XSUc10r3zg==
    dependencies:
      lower-case "^2.0.2"
      tslib "^2.0.3"
  
  node-domexception@^1.0.0:
    version "1.0.0"
    resolved "https://registry.npmjs.org/node-domexception/-/node-domexception-1.0.0.tgz"
    integrity sha512-/jKZoMpw0F8GRwl4/eLROPA3cfcXtLApP0QzLmUT/HuPCZWyB7IY9ZrMeKw2O/nFIqPQB3PVM9aYm0F312AXDQ==
  
  node-fetch-native@^1.6.6:
    version "1.6.7"
    resolved "https://registry.yarnpkg.com/node-fetch-native/-/node-fetch-native-1.6.7.tgz#9d09ca63066cc48423211ed4caf5d70075d76a71"
    integrity sha512-g9yhqoedzIUm0nTnTqAQvueMPVOuIY16bqgAJJC8XOOubYFNwz6IER9qs0Gq2Xd0+CecCKFjtdDTMA4u4xG06Q==
  
  node-fetch@^2.7.0:
    version "2.7.0"
    resolved "https://registry.npmjs.org/node-fetch/-/node-fetch-2.7.0.tgz"
    integrity sha512-c4FRfUm/dbcWZ7U+1Wq0AwCyFL+3nt2bEw05wfxSz+DWpWsitgmSgYmy2dQdWyKC1694ELPqMs/YzUSNozLt8A==
    dependencies:
      whatwg-url "^5.0.0"
  
  node-fetch@^3.3.2:
    version "3.3.2"
    resolved "https://registry.npmjs.org/node-fetch/-/node-fetch-3.3.2.tgz"
    integrity sha512-dRB78srN/l6gqWulah9SrxeYnxeddIG30+GOqK/9OlLVyLg3HPnr6SqOWTWOXKRwC2eGYCkZ59NNuSgvSrpgOA==
    dependencies:
      data-uri-to-buffer "^4.0.0"
      fetch-blob "^3.1.4"
      formdata-polyfill "^4.0.10"
  
  node-int64@^0.4.0:
    version "0.4.0"
    resolved "https://registry.npmjs.org/node-int64/-/node-int64-0.4.0.tgz"
    integrity sha512-O5lz91xSOeoXP6DulyHfllpq+Eg00MWitZIbtPfoSEvqIHdl5gfcY6hYzDWnj0qD5tz52PI08u9qUvSVeUBeHw==
  
  node-releases@^2.0.27:
    version "2.0.27"
    resolved "https://registry.npmjs.org/node-releases/-/node-releases-2.0.27.tgz"
    integrity sha512-nmh3lCkYZ3grZvqcCH+fjmQ7X+H0OeZgP40OierEaAptX4XofMh5kwNbWh7lBduUzCcV/8kZ+NDLCwm2iorIlA==
  
  normalize-path@^2.1.1:
    version "2.1.1"
    resolved "https://registry.npmjs.org/normalize-path/-/normalize-path-2.1.1.tgz"
    integrity sha512-3pKJwH184Xo/lnH6oyP1q2pMd7HcypqqmRs91/6/i2CGtWwIKGCkOOMTm/zXbgTEWHw1uNpNi/igc3ePOYHb6w==
    dependencies:
      remove-trailing-separator "^1.0.1"
  
  normalize-path@^3.0.0, normalize-path@~3.0.0:
    version "3.0.0"
    resolved "https://registry.npmjs.org/normalize-path/-/normalize-path-3.0.0.tgz"
    integrity sha512-6eZs5Ls3WtCisHWp9S2GUy8dqkpGi4BVSz3GaqiE6ezub0512ESztXUwUB6C6IKbQkY2Pnb/mD4WYojCRwcwLA==
  
  nullthrows@^1.1.1:
    version "1.1.1"
    resolved "https://registry.npmjs.org/nullthrows/-/nullthrows-1.1.1.tgz"
    integrity sha512-2vPPEi+Z7WqML2jZYddDIfy5Dqb0r2fze2zTxNNknZaFpVHU3mFB3R+DWeJWGVx0ecvttSGlJTI+WG+8Z4cDWw==
  
  nypm@^0.6.0:
    version "0.6.2"
    resolved "https://registry.yarnpkg.com/nypm/-/nypm-0.6.2.tgz#467512024948398fafa73cea30a3ed9efc5af071"
    integrity sha512-7eM+hpOtrKrBDCh7Ypu2lJ9Z7PNZBdi/8AT3AX8xoCj43BBVHD0hPSTEvMtkMpfs8FCqBGhxB+uToIQimA111g==
    dependencies:
      citty "^0.1.6"
      consola "^3.4.2"
      pathe "^2.0.3"
      pkg-types "^2.3.0"
      tinyexec "^1.0.1"
  
  object-assign@^4.1.0:
    version "4.1.1"
    resolved "https://registry.npmjs.org/object-assign/-/object-assign-4.1.1.tgz"
    integrity sha512-rJgTQnkUnH1sFw8yT6VSU3zD3sWmu6sZhIseY8VX+GRu3P6F7Fu+JNDoXfklElbLJSnc3FUQHVe4cU5hj+BcUg==
  
  ohash@^2.0.11:
    version "2.0.11"
    resolved "https://registry.yarnpkg.com/ohash/-/ohash-2.0.11.tgz#60b11e8cff62ca9dee88d13747a5baa145f5900b"
    integrity sha512-RdR9FQrFwNBNXAr4GixM8YaRZRJ5PUWbKYbE5eOsrwAjJW0q2REGcf79oYPsLyskQCZG1PLN+S/K1V00joZAoQ==
  
  once@^1.3.0:
    version "1.4.0"
    resolved "https://registry.npmjs.org/once/-/once-1.4.0.tgz"
    integrity sha512-lNaJgI+2Q5URQBkccEKHTQOPaXdUxnZZElQTZY0MFUAuaEqe1E+Nyvgdz/aIyNi6Z9MzO5dv1H8n58/GELp3+w==
    dependencies:
      wrappy "1"
  
  onetime@^7.0.0:
    version "7.0.0"
    resolved "https://registry.npmjs.org/onetime/-/onetime-7.0.0.tgz"
    integrity sha512-VXJjc87FScF88uafS3JllDgvAm+c/Slfz06lorj2uAY34rlUu0Nt+v8wreiImcrgAjjIHp1rXpTDlLOGw29WwQ==
    dependencies:
      mimic-function "^5.0.0"
  
  optimism@^0.18.0:
    version "0.18.1"
    resolved "https://registry.npmjs.org/optimism/-/optimism-0.18.1.tgz"
    integrity sha512-mLXNwWPa9dgFyDqkNi54sjDyNJ9/fTI6WGBLgnXku1vdKY/jovHfZT5r+aiVeFFLOz+foPNOm5YJ4mqgld2GBQ==
    dependencies:
      "@wry/caches" "^1.0.0"
      "@wry/context" "^0.7.0"
      "@wry/trie" "^0.5.0"
      tslib "^2.3.0"
  
  optionator@^0.9.3:
    version "0.9.4"
    resolved "https://registry.npmjs.org/optionator/-/optionator-0.9.4.tgz"
    integrity sha512-6IpQ7mKUxRcZNLIObR0hz7lxsapSSIYNZJwXPGeF0mTVqGKFIXj1DQcMoT22S3ROcLyY/rz0PWaWZ9ayWmad9g==
    dependencies:
      deep-is "^0.1.3"
      fast-levenshtein "^2.0.6"
      levn "^0.4.1"
      prelude-ls "^1.2.1"
      type-check "^0.4.0"
      word-wrap "^1.2.5"
  
  p-limit@3.1.0, p-limit@^3.0.2:
    version "3.1.0"
    resolved "https://registry.npmjs.org/p-limit/-/p-limit-3.1.0.tgz"
    integrity sha512-TYOanM3wGwNGsZN2cVTYPArw454xnXj5qmWF1bEoAc4+cU/ol7GVh7odevjp1FNHduHc3KZMcFduxU5Xc6uJRQ==
    dependencies:
      yocto-queue "^0.1.0"
  
  p-locate@^5.0.0:
    version "5.0.0"
    resolved "https://registry.npmjs.org/p-locate/-/p-locate-5.0.0.tgz"
    integrity sha512-LaNjtRWUBY++zB5nE/NwcaoMylSPk+S+ZHNB1TzdbMJMny6dynpAGt7X/tl/QYq3TIeE6nxHppbo2LGymrG5Pw==
    dependencies:
      p-limit "^3.0.2"
  
  param-case@^3.0.4:
    version "3.0.4"
    resolved "https://registry.npmjs.org/param-case/-/param-case-3.0.4.tgz"
    integrity sha512-RXlj7zCYokReqWpOPH9oYivUzLYZ5vAPIfEmCTNViosC78F8F0H9y7T7gG2M39ymgutxF5gcFEsyZQSph9Bp3A==
    dependencies:
      dot-case "^3.0.4"
      tslib "^2.0.3"
  
  parent-module@^1.0.0:
    version "1.0.1"
    resolved "https://registry.npmjs.org/parent-module/-/parent-module-1.0.1.tgz"
    integrity sha512-GQ2EWRpQV8/o+Aw8YqtfZZPfNRWZYkbidE9k5rpl/hC3vtHHBfGm2Ifi6qWV+coDGkrUKZAxE3Lot5kcsRlh+g==
    dependencies:
      callsites "^3.0.0"
  
  parse-filepath@^1.0.2:
    version "1.0.2"
    resolved "https://registry.npmjs.org/parse-filepath/-/parse-filepath-1.0.2.tgz"
    integrity sha512-FwdRXKCohSVeXqwtYonZTXtbGJKrn+HNyWDYVcp5yuJlesTwNH4rsmRZ+GrKAPJ5bLpRxESMeS+Rl0VCHRvB2Q==
    dependencies:
      is-absolute "^1.0.0"
      map-cache "^0.2.0"
      path-root "^0.1.1"
  
  parse-json@^5.2.0:
    version "5.2.0"
    resolved "https://registry.npmjs.org/parse-json/-/parse-json-5.2.0.tgz"
    integrity sha512-ayCKvm/phCGxOkYRSCM82iDwct8/EonSEgCSxWxD7ve6jHggsFl4fZVQBPRNgQoKiuV/odhFrGzQXZwbifC8Rg==
    dependencies:
      "@babel/code-frame" "^7.0.0"
      error-ex "^1.3.1"
      json-parse-even-better-errors "^2.3.0"
      lines-and-columns "^1.1.6"
  
  pascal-case@^3.1.2:
    version "3.1.2"
    resolved "https://registry.npmjs.org/pascal-case/-/pascal-case-3.1.2.tgz"
    integrity sha512-uWlGT3YSnK9x3BQJaOdcZwrnV6hPpd8jFH1/ucpiLRPh/2zCVJKS19E4GvYHvaCcACn3foXZ0cLB9Wrx1KGe5g==
    dependencies:
      no-case "^3.0.4"
      tslib "^2.0.3"
  
  path-case@^3.0.4:
    version "3.0.4"
    resolved "https://registry.npmjs.org/path-case/-/path-case-3.0.4.tgz"
    integrity sha512-qO4qCFjXqVTrcbPt/hQfhTQ+VhFsqNKOPtytgNKkKxSoEp3XPUQ8ObFuePylOIok5gjn69ry8XiULxCwot3Wfg==
    dependencies:
      dot-case "^3.0.4"
      tslib "^2.0.3"
  
  path-exists@^4.0.0:
    version "4.0.0"
    resolved "https://registry.npmjs.org/path-exists/-/path-exists-4.0.0.tgz"
    integrity sha512-ak9Qy5Q7jYb2Wwcey5Fpvg2KoAc/ZIhLSLOSBmRmygPsGwkVVt0fZa0qrtMz+m6tJTAHfZQ8FnmB4MG4LWy7/w==
  
  path-is-absolute@^1.0.0:
    version "1.0.1"
    resolved "https://registry.npmjs.org/path-is-absolute/-/path-is-absolute-1.0.1.tgz"
    integrity sha512-AVbw3UJ2e9bq64vSaS9Am0fje1Pa8pbGqTTsmXfaIiMpnr5DlDhfJOuLj9Sf95ZPVDAUerDfEk88MPmPe7UCQg==
  
  path-key@^3.1.0:
    version "3.1.1"
    resolved "https://registry.npmjs.org/path-key/-/path-key-3.1.1.tgz"
    integrity sha512-ojmeN0qd+y0jszEtoY48r0Peq5dwMEkIlCOu6Q5f41lfkswXuKtYrhgoTpLnyIcHm24Uhqx+5Tqm2InSwLhE6Q==
  
  path-parse@^1.0.7:
    version "1.0.7"
    resolved "https://registry.npmjs.org/path-parse/-/path-parse-1.0.7.tgz"
    integrity sha512-LDJzPVEEEPR+y48z93A0Ed0yXb8pAByGWo/k5YYdYgpY2/2EsOsksJrq7lOHxryrVOn1ejG6oAp8ahvOIQD8sw==
  
  path-root-regex@^0.1.0:
    version "0.1.2"
    resolved "https://registry.npmjs.org/path-root-regex/-/path-root-regex-0.1.2.tgz"
    integrity sha512-4GlJ6rZDhQZFE0DPVKh0e9jmZ5egZfxTkp7bcRDuPlJXbAwhxcl2dINPUAsjLdejqaLsCeg8axcLjIbvBjN4pQ==
  
  path-root@^0.1.1:
    version "0.1.1"
    resolved "https://registry.npmjs.org/path-root/-/path-root-0.1.1.tgz"
    integrity sha512-QLcPegTHF11axjfojBIoDygmS2E3Lf+8+jI6wOVmNVenrKSo3mFdSGiIgdSHenczw3wPtlVMQaFVwGmM7BJdtg==
    dependencies:
      path-root-regex "^0.1.0"
  
  path-type@^4.0.0:
    version "4.0.0"
    resolved "https://registry.npmjs.org/path-type/-/path-type-4.0.0.tgz"
    integrity sha512-gDKb8aZMDeD/tZWs9P6+q0J9Mwkdl6xMV8TjnGP3qJVJ06bdMgkbBlLU8IdfOsIsFz2BW1rNVT3XuNEl8zPAvw==
  
  pathe@2.0.3, pathe@^2.0.3:
    version "2.0.3"
    resolved "https://registry.yarnpkg.com/pathe/-/pathe-2.0.3.tgz#3ecbec55421685b70a9da872b2cff3e1cbed1716"
    integrity sha512-WUjGcAqP1gQacoQe+OBJsFA7Ld4DyXuUIjZ5cc75cLHvJ7dtNsTugphxIADwspS+AraAUePCKrSVtPLFj/F88w==
  
  perfect-debounce@^1.0.0:
    version "1.0.0"
    resolved "https://registry.yarnpkg.com/perfect-debounce/-/perfect-debounce-1.0.0.tgz#9c2e8bc30b169cc984a58b7d5b28049839591d2a"
    integrity sha512-xCy9V055GLEqoFaHoC1SoLIaLmWctgCUaBaWxDZ7/Zx4CTyX7cJQLJOok/orfjZAh9kEYpjJa4d0KcJmCbctZA==
  
  pg-cloudflare@^1.2.7:
    version "1.2.7"
    resolved "https://registry.yarnpkg.com/pg-cloudflare/-/pg-cloudflare-1.2.7.tgz#a1f3d226bab2c45ae75ea54d65ec05ac6cfafbef"
    integrity sha512-YgCtzMH0ptvZJslLM1ffsY4EuGaU0cx4XSdXLRFae8bPP4dS5xL1tNB3k2o/N64cHJpwU7dxKli/nZ2lUa5fLg==
  
  pg-connection-string@^2.9.1:
    version "2.9.1"
    resolved "https://registry.yarnpkg.com/pg-connection-string/-/pg-connection-string-2.9.1.tgz#bb1fd0011e2eb76ac17360dc8fa183b2d3465238"
    integrity sha512-nkc6NpDcvPVpZXxrreI/FOtX3XemeLl8E0qFr6F2Lrm/I8WOnaWNhIPK2Z7OHpw7gh5XJThi6j6ppgNoaT1w4w==
  
  pg-int8@1.0.1:
    version "1.0.1"
    resolved "https://registry.yarnpkg.com/pg-int8/-/pg-int8-1.0.1.tgz#943bd463bf5b71b4170115f80f8efc9a0c0eb78c"
    integrity sha512-WCtabS6t3c8SkpDBUlb1kjOs7l66xsGdKpIPZsg4wR+B3+u9UAum2odSsF9tnvxg80h4ZxLWMy4pRjOsFIqQpw==
  
  pg-pool@^3.10.1:
    version "3.10.1"
    resolved "https://registry.yarnpkg.com/pg-pool/-/pg-pool-3.10.1.tgz#481047c720be2d624792100cac1816f8850d31b2"
    integrity sha512-Tu8jMlcX+9d8+QVzKIvM/uJtp07PKr82IUOYEphaWcoBhIYkoHpLXN3qO59nAI11ripznDsEzEv8nUxBVWajGg==
  
  pg-protocol@*, pg-protocol@^1.10.3:
    version "1.10.3"
    resolved "https://registry.yarnpkg.com/pg-protocol/-/pg-protocol-1.10.3.tgz#ac9e4778ad3f84d0c5670583bab976ea0a34f69f"
    integrity sha512-6DIBgBQaTKDJyxnXaLiLR8wBpQQcGWuAESkRBX/t6OwA8YsqP+iVSiond2EDy6Y/dsGk8rh/jtax3js5NeV7JQ==
  
  pg-types@2.2.0, pg-types@^2.2.0:
    version "2.2.0"
    resolved "https://registry.yarnpkg.com/pg-types/-/pg-types-2.2.0.tgz#2d0250d636454f7cfa3b6ae0382fdfa8063254a3"
    integrity sha512-qTAAlrEsl8s4OiEQY69wDvcMIdQN6wdz5ojQiOy6YRMuynxenON0O5oCpJI6lshc6scgAY8qvJ2On/p+CXY0GA==
    dependencies:
      pg-int8 "1.0.1"
      postgres-array "~2.0.0"
      postgres-bytea "~1.0.0"
      postgres-date "~1.0.4"
      postgres-interval "^1.1.0"
  
  pg@^8.16.3:
    version "8.16.3"
    resolved "https://registry.yarnpkg.com/pg/-/pg-8.16.3.tgz#160741d0b44fdf64680e45374b06d632e86c99fd"
    integrity sha512-enxc1h0jA/aq5oSDMvqyW3q89ra6XIIDZgCX9vkMrnz5DFTw/Ny3Li2lFQ+pt3L6MCgm/5o2o8HW9hiJji+xvw==
    dependencies:
      pg-connection-string "^2.9.1"
      pg-pool "^3.10.1"
      pg-protocol "^1.10.3"
      pg-types "2.2.0"
      pgpass "1.0.5"
    optionalDependencies:
      pg-cloudflare "^1.2.7"
  
  pgpass@1.0.5:
    version "1.0.5"
    resolved "https://registry.yarnpkg.com/pgpass/-/pgpass-1.0.5.tgz#9b873e4a564bb10fa7a7dbd55312728d422a223d"
    integrity sha512-FdW9r/jQZhSeohs1Z3sI1yxFQNFvMcnmfuj4WBMUTxOrAyLMaTcE1aAMBiTlbMNaXvBCQuVi0R7hd8udDSP7ug==
    dependencies:
      split2 "^4.1.0"
  
  picocolors@^1.1.1:
    version "1.1.1"
    resolved "https://registry.npmjs.org/picocolors/-/picocolors-1.1.1.tgz"
    integrity sha512-xceH2snhtb5M9liqDsmEw56le376mTZkEX/jEb/RxNFyegNul7eNslCXP9FDj/Lcu0X8KEyMceP2ntpaHrDEVA==
  
  picomatch@^2.0.4, picomatch@^2.2.1, picomatch@^2.3.1:
    version "2.3.1"
    resolved "https://registry.npmjs.org/picomatch/-/picomatch-2.3.1.tgz"
    integrity sha512-JU3teHTNjmE2VCGFzuY8EXzCDVwEqB2a8fsIvwaStHhAWJEeVd1o1QD80CU6+ZdEXXSLbSsuLwJjkCBWqRQUVA==
  
  picomatch@^4.0.3:
    version "4.0.3"
    resolved "https://registry.npmjs.org/picomatch/-/picomatch-4.0.3.tgz"
    integrity sha512-5gTmgEY/sqK6gFXLIsQNH19lWb4ebPDLA4SdLP7dsWkIXHWlG66oPuVvXSGFPppYZz8ZDZq0dYYrbHfBCVUb1Q==
  
  pkg-types@^2.2.0, pkg-types@^2.3.0:
    version "2.3.0"
    resolved "https://registry.yarnpkg.com/pkg-types/-/pkg-types-2.3.0.tgz#037f2c19bd5402966ff6810e32706558cb5b5726"
    integrity sha512-SIqCzDRg0s9npO5XQ3tNZioRY1uK06lA41ynBC1YmFTmnY6FjUjVt6s4LoADmwoig1qqD0oK8h1p/8mlMx8Oig==
    dependencies:
      confbox "^0.2.2"
      exsolve "^1.0.7"
      pathe "^2.0.3"
  
  postgres-array@3.0.4:
    version "3.0.4"
    resolved "https://registry.yarnpkg.com/postgres-array/-/postgres-array-3.0.4.tgz#4efcaf4d2c688d8bcaa8620ed13f35f299f7528c"
    integrity sha512-nAUSGfSDGOaOAEGwqsRY27GPOea7CNipJPOA7lPbdEpx5Kg3qzdP0AaWC5MlhTWV9s4hFX39nomVZ+C4tnGOJQ==
  
  postgres-array@~2.0.0:
    version "2.0.0"
    resolved "https://registry.yarnpkg.com/postgres-array/-/postgres-array-2.0.0.tgz#48f8fce054fbc69671999329b8834b772652d82e"
    integrity sha512-VpZrUqU5A69eQyW2c5CA1jtLecCsN2U/bD6VilrFDWq5+5UIEVO7nazS3TEcHf1zuPYO/sqGvUvW62g86RXZuA==
  
  postgres-bytea@~1.0.0:
    version "1.0.1"
    resolved "https://registry.yarnpkg.com/postgres-bytea/-/postgres-bytea-1.0.1.tgz#c40b3da0222c500ff1e51c5d7014b60b79697c7a"
    integrity sha512-5+5HqXnsZPE65IJZSMkZtURARZelel2oXUEO8rH83VS/hxH5vv1uHquPg5wZs8yMAfdv971IU+kcPUczi7NVBQ==
  
  postgres-date@~1.0.4:
    version "1.0.7"
    resolved "https://registry.yarnpkg.com/postgres-date/-/postgres-date-1.0.7.tgz#51bc086006005e5061c591cee727f2531bf641a8"
    integrity sha512-suDmjLVQg78nMK2UZ454hAG+OAW+HQPZ6n++TNDUX+L0+uUlLywnoxJKDou51Zm+zTCjrCl0Nq6J9C5hP9vK/Q==
  
  postgres-interval@^1.1.0:
    version "1.2.0"
    resolved "https://registry.yarnpkg.com/postgres-interval/-/postgres-interval-1.2.0.tgz#b460c82cb1587507788819a06aa0fffdb3544695"
    integrity sha512-9ZhXKM/rw350N1ovuWHbGxnGh/SNJ4cnxHiM0rxE4VN41wsg8P8zWn9hv/buK00RP4WvlOyr/RBDiptyxVbkZQ==
    dependencies:
      xtend "^4.0.0"
  
  postgres@3.4.7:
    version "3.4.7"
    resolved "https://registry.yarnpkg.com/postgres/-/postgres-3.4.7.tgz#122f460a808fe300cae53f592108b9906e625345"
    integrity sha512-Jtc2612XINuBjIl/QTWsV5UvE8UHuNblcO3vVADSrKsrc6RqGX6lOW1cEo3CM2v0XG4Nat8nI+YM7/f26VxXLw==
  
  prelude-ls@^1.2.1:
    version "1.2.1"
    resolved "https://registry.npmjs.org/prelude-ls/-/prelude-ls-1.2.1.tgz"
    integrity sha512-vkcDPrRZo1QZLbn5RLGPpg/WmIQ65qoWWhcGKf/b5eplkkarX0m9z8ppCat4mlOqUsWpyNuYgO3VRyrYHSzX5g==
  
  prettier-linter-helpers@^1.0.0:
    version "1.0.0"
    resolved "https://registry.npmjs.org/prettier-linter-helpers/-/prettier-linter-helpers-1.0.0.tgz"
    integrity sha512-GbK2cP9nraSSUF9N2XwUwqfzlAFlMNYYl+ShE/V+H8a9uNl/oUqB1w2EL54Jh0OlyRSd8RfWYJ3coVS4TROP2w==
    dependencies:
      fast-diff "^1.1.2"
  
  prettier@^3.7.4:
    version "3.7.4"
    resolved "https://registry.npmjs.org/prettier/-/prettier-3.7.4.tgz"
    integrity sha512-v6UNi1+3hSlVvv8fSaoUbggEM5VErKmmpGA7Pl3HF8V6uKY7rvClBOJlH6yNwQtfTueNkGVpOv/mtWL9L4bgRA==
  
  prisma@^7.2.0:
    version "7.2.0"
    resolved "https://registry.yarnpkg.com/prisma/-/prisma-7.2.0.tgz#ae7a4da8de0cbd078d9400888cd0533abfdca648"
    integrity sha512-jSdHWgWOgFF24+nRyyNRVBIgGDQEsMEF8KPHvhBBg3jWyR9fUAK0Nq9ThUmiGlNgq2FA7vSk/ZoCvefod+a8qg==
    dependencies:
      "@prisma/config" "7.2.0"
      "@prisma/dev" "0.17.0"
      "@prisma/engines" "7.2.0"
      "@prisma/studio-core" "0.9.0"
      mysql2 "3.15.3"
      postgres "3.4.7"
  
  promise@^7.1.1:
    version "7.3.1"
    resolved "https://registry.npmjs.org/promise/-/promise-7.3.1.tgz"
    integrity sha512-nolQXZ/4L+bP/UGlkfaIujX9BKxGwmQ9OT4mOt5yvy8iK1h3wqTEJCijzGANTCCl9nWjY41juyAn2K3Q1hLLTg==
    dependencies:
      asap "~2.0.3"
  
  proper-lockfile@4.1.2:
    version "4.1.2"
    resolved "https://registry.yarnpkg.com/proper-lockfile/-/proper-lockfile-4.1.2.tgz#c8b9de2af6b2f1601067f98e01ac66baa223141f"
    integrity sha512-TjNPblN4BwAWMXU8s9AEz4JmQxnD1NNL7bNOY/AKUzyamc379FWASUhc/K1pL2noVb+XmZKLL68cjzLsiOAMaA==
    dependencies:
      graceful-fs "^4.2.4"
      retry "^0.12.0"
      signal-exit "^3.0.2"
  
  punycode@^2.1.0:
    version "2.3.1"
    resolved "https://registry.npmjs.org/punycode/-/punycode-2.3.1.tgz"
    integrity sha512-vYt7UD1U9Wg6138shLtLOvdAu+8DsC/ilFtEVHcH+wydcSpNE20AfSOduf6MkRFahL5FY7X1oU7nKVZFtfq8Fg==
  
  pure-rand@^6.1.0:
    version "6.1.0"
    resolved "https://registry.yarnpkg.com/pure-rand/-/pure-rand-6.1.0.tgz#d173cf23258231976ccbdb05247c9787957604f2"
    integrity sha512-bVWawvoZoBYpp6yIoQtQXHZjmz35RSVHnUOTefl8Vcjr8snTPY1wnpSPMWekcFwbxI6gtmT7rSYPFvz71ldiOA==
  
  queue-microtask@^1.2.2:
    version "1.2.3"
    resolved "https://registry.npmjs.org/queue-microtask/-/queue-microtask-1.2.3.tgz"
    integrity sha512-NuaNSa6flKT5JaSYQzJok04JzTL1CA6aGhv5rfLW3PgqA+M2ChpZQnAC8h8i4ZFkBS8X5RqkDBHA7r4hej3K9A==
  
  rc9@^2.1.2:
    version "2.1.2"
    resolved "https://registry.yarnpkg.com/rc9/-/rc9-2.1.2.tgz#6282ff638a50caa0a91a31d76af4a0b9cbd1080d"
    integrity sha512-btXCnMmRIBINM2LDZoEmOogIZU7Qe7zn4BpomSKZ/ykbLObuBdvG+mFq11DL6fjH1DRwHhrlgtYWG96bJiC7Cg==
    dependencies:
      defu "^6.1.4"
      destr "^2.0.3"
  
  readdirp@^4.0.1:
    version "4.1.2"
    resolved "https://registry.yarnpkg.com/readdirp/-/readdirp-4.1.2.tgz#eb85801435fbf2a7ee58f19e0921b068fc69948d"
    integrity sha512-GDhwkLfywWL2s6vEjyhri+eXmfH6j1L7JE27WhqLeYzoh/A3DBaYGEj2H/HFZCn/kMfim73FXxEJTw06WtxQwg==
  
  readdirp@~3.6.0:
    version "3.6.0"
    resolved "https://registry.npmjs.org/readdirp/-/readdirp-3.6.0.tgz"
    integrity sha512-hOS089on8RduqdbhvQ5Z37A0ESjsqz6qnRcffsMU3495FuTdqSm+7bhJ29JvIOsBDEEnan5DPu9t3To9VRlMzA==
    dependencies:
      picomatch "^2.2.1"
  
  regexp-to-ast@0.5.0:
    version "0.5.0"
    resolved "https://registry.yarnpkg.com/regexp-to-ast/-/regexp-to-ast-0.5.0.tgz#56c73856bee5e1fef7f73a00f1473452ab712a24"
    integrity sha512-tlbJqcMHnPKI9zSrystikWKwHkBqu2a/Sgw01h3zFjvYrMxEDYHzzoMZnUrbIfpTFEsoRnnviOXNCzFiSc54Qw==
  
  relay-runtime@12.0.0:
    version "12.0.0"
    resolved "https://registry.npmjs.org/relay-runtime/-/relay-runtime-12.0.0.tgz"
    integrity sha512-QU6JKr1tMsry22DXNy9Whsq5rmvwr3LSZiiWV/9+DFpuTWvp+WFhobWMc8TC4OjKFfNhEZy7mOiqUAn5atQtug==
    dependencies:
      "@babel/runtime" "^7.0.0"
      fbjs "^3.0.0"
      invariant "^2.2.4"
  
  remeda@2.21.3:
    version "2.21.3"
    resolved "https://registry.yarnpkg.com/remeda/-/remeda-2.21.3.tgz#16551b02f9c7e184b7be226f576d0c6335612adf"
    integrity sha512-XXrZdLA10oEOQhLLzEJEiFFSKi21REGAkHdImIb4rt/XXy8ORGXh5HCcpUOsElfPNDb+X6TA/+wkh+p2KffYmg==
    dependencies:
      type-fest "^4.39.1"
  
  remedial@^1.0.7:
    version "1.0.8"
    resolved "https://registry.npmjs.org/remedial/-/remedial-1.0.8.tgz"
    integrity sha512-/62tYiOe6DzS5BqVsNpH/nkGlX45C/Sp6V+NtiN6JQNS1Viay7cWkazmRkrQrdFj2eshDe96SIQNIoMxqhzBOg==
  
  remove-trailing-separator@^1.0.1:
    version "1.1.0"
    resolved "https://registry.npmjs.org/remove-trailing-separator/-/remove-trailing-separator-1.1.0.tgz"
    integrity sha512-/hS+Y0u3aOfIETiaiirUFwDBDzmXPvO+jAfKTitUngIPzdKc6Z0LoFjM/CK5PL4C+eKwHohlHAb6H0VFfmmUsw==
  
  remove-trailing-spaces@^1.0.6:
    version "1.0.9"
    resolved "https://registry.npmjs.org/remove-trailing-spaces/-/remove-trailing-spaces-1.0.9.tgz"
    integrity sha512-xzG7w5IRijvIkHIjDk65URsJJ7k4J95wmcArY5PRcmjldIOl7oTvG8+X2Ag690R7SfwiOcHrWZKVc1Pp5WIOzA==
  
  require-directory@^2.1.1:
    version "2.1.1"
    resolved "https://registry.npmjs.org/require-directory/-/require-directory-2.1.1.tgz"
    integrity sha512-fGxEI7+wsG9xrvdjsrlmL22OMTTiHRwAMroiEeMgq8gzoLC/PQr7RsRDSTLUg/bZAZtF+TVIkHc6/4RIKrui+Q==
  
  resolve-from@5.0.0:
    version "5.0.0"
    resolved "https://registry.npmjs.org/resolve-from/-/resolve-from-5.0.0.tgz"
    integrity sha512-qYg9KP24dD5qka9J47d0aVky0N+b4fTU89LN9iDnjB5waksiC49rvMB0PrUJQGoTmH50XPiqOvAjDfaijGxYZw==
  
  resolve-from@^4.0.0:
    version "4.0.0"
    resolved "https://registry.npmjs.org/resolve-from/-/resolve-from-4.0.0.tgz"
    integrity sha512-pb/MYmXstAkysRFx8piNI1tGFNQIFA3vkE3Gq4EuA1dF6gHp/+vgZqsCGJapvy8N3Q+4o7FwvquPJcnZ7RYy4g==
  
  resolve-pkg-maps@^1.0.0:
    version "1.0.0"
    resolved "https://registry.yarnpkg.com/resolve-pkg-maps/-/resolve-pkg-maps-1.0.0.tgz#616b3dc2c57056b5588c31cdf4b3d64db133720f"
    integrity sha512-seS2Tj26TBVOC2NIc2rOe2y2ZO7efxITtLZcGSOnHHNOQ7CkiUBfw0Iw2ck6xkIhPwLhKNLS8BO+hEpngQlqzw==
  
  resolve@^1.0.0:
    version "1.22.11"
    resolved "https://registry.npmjs.org/resolve/-/resolve-1.22.11.tgz"
    integrity sha512-RfqAvLnMl313r7c9oclB1HhUEAezcpLjz95wFH4LVuhk9JF/r22qmVP9AMmOU4vMX7Q8pN8jwNg/CSpdFnMjTQ==
    dependencies:
      is-core-module "^2.16.1"
      path-parse "^1.0.7"
      supports-preserve-symlinks-flag "^1.0.0"
  
  restore-cursor@^5.0.0:
    version "5.1.0"
    resolved "https://registry.npmjs.org/restore-cursor/-/restore-cursor-5.1.0.tgz"
    integrity sha512-oMA2dcrw6u0YfxJQXm342bFKX/E4sG9rbTzO9ptUcR/e8A33cHuvStiYOwH7fszkZlZ1z/ta9AAoPk2F4qIOHA==
    dependencies:
      onetime "^7.0.0"
      signal-exit "^4.1.0"
  
  retry@^0.12.0:
    version "0.12.0"
    resolved "https://registry.yarnpkg.com/retry/-/retry-0.12.0.tgz#1b42a6266a21f07421d1b0b54b7dc167b01c013b"
    integrity sha512-9LkiTwjUh6rT555DtE9rTX+BKByPfrMzEAtnlEtdEwr3Nkffwiihqe2bWADg+OQRjt9gl6ICdmB/ZFDCGAtSow==
  
  reusify@^1.0.4:
    version "1.1.0"
    resolved "https://registry.npmjs.org/reusify/-/reusify-1.1.0.tgz"
    integrity sha512-g6QUff04oZpHs0eG5p83rFLhHeV00ug/Yf9nZM6fLeUrPguBTkTQOdpAWWspMh55TZfVQDPaN3NQJfbVRAxdIw==
  
  rfdc@^1.4.1:
    version "1.4.1"
    resolved "https://registry.npmjs.org/rfdc/-/rfdc-1.4.1.tgz"
    integrity sha512-q1b3N5QkRUWUl7iyylaaj3kOpIT0N2i9MqIEQXP73GVsN9cw3fdx8X63cEmWhJGi2PPCF23Ijp7ktmd39rawIA==
  
  rimraf@^2.6.1:
    version "2.7.1"
    resolved "https://registry.npmjs.org/rimraf/-/rimraf-2.7.1.tgz"
    integrity sha512-uWjbaKIK3T1OSVptzX7Nl6PvQ3qAGtKEtVRjRuazjfL3Bx5eI409VZSqgND+4UNnmzLVdPj9FqFJNPqBZFve4w==
    dependencies:
      glob "^7.1.3"
  
  run-parallel@^1.1.9:
    version "1.2.0"
    resolved "https://registry.npmjs.org/run-parallel/-/run-parallel-1.2.0.tgz"
    integrity sha512-5l4VyZR86LZ/lDxZTR6jqL8AFE2S0IFLMP26AbjsLVADxHdhB/c0GUsH+y39UfCi3dzz8OlQuPmnaJOMoDHQBA==
    dependencies:
      queue-microtask "^1.2.2"
  
  rxjs@^7.8.2:
    version "7.8.2"
    resolved "https://registry.npmjs.org/rxjs/-/rxjs-7.8.2.tgz"
    integrity sha512-dhKf903U/PQZY6boNNtAGdWbG85WAbjT/1xYoZIC7FAY0yWapOBQVsVrDl58W86//e1VpMNBtRV4MaXfdMySFA==
    dependencies:
      tslib "^2.1.0"
  
  "safer-buffer@>= 2.1.2 < 3.0.0":
    version "2.1.2"
    resolved "https://registry.npmjs.org/safer-buffer/-/safer-buffer-2.1.2.tgz"
    integrity sha512-YZo3K82SD7Riyi0E1EQPojLz7kpepnSQI9IyPbHHg1XXXevb5dJI7tpyN2ADxGcQbHG7vcyRHk0cbwqcQriUtg==
  
  semver@^6.3.1:
    version "6.3.1"
    resolved "https://registry.npmjs.org/semver/-/semver-6.3.1.tgz"
    integrity sha512-BR7VvDCVHO+q2xBEWskxS6DJE1qRnb7DxzUrogb71CWoSficBxYsiAGd+Kl0mmq/MprG9yArRkyrQxTO6XjMzA==
  
  semver@^7.6.0:
    version "7.7.3"
    resolved "https://registry.npmjs.org/semver/-/semver-7.7.3.tgz"
    integrity sha512-SdsKMrI9TdgjdweUSR9MweHA4EJ8YxHn8DFaDisvhVlUOe4BF1tLD7GAj0lIqWVl+dPb/rExr0Btby5loQm20Q==
  
  sentence-case@^3.0.4:
    version "3.0.4"
    resolved "https://registry.npmjs.org/sentence-case/-/sentence-case-3.0.4.tgz"
    integrity sha512-8LS0JInaQMCRoQ7YUytAo/xUu5W2XnQxV2HI/6uM6U7CITS1RqPElr30V6uIqyMKM9lJGRVFy5/4CuzcixNYSg==
    dependencies:
      no-case "^3.0.4"
      tslib "^2.0.3"
      upper-case-first "^2.0.2"
  
  seq-queue@^0.0.5:
    version "0.0.5"
    resolved "https://registry.yarnpkg.com/seq-queue/-/seq-queue-0.0.5.tgz#d56812e1c017a6e4e7c3e3a37a1da6d78dd3c93e"
    integrity sha512-hr3Wtp/GZIc/6DAGPDcV4/9WoZhjrkXsi5B/07QgX8tsdc6ilr7BFM6PM6rbdAX1kFSDYeZGLipIZZKyQP0O5Q==
  
  setimmediate@^1.0.5:
    version "1.0.5"
    resolved "https://registry.npmjs.org/setimmediate/-/setimmediate-1.0.5.tgz"
    integrity sha512-MATJdZp8sLqDl/68LfQmbP8zKPLQNV6BIZoIgrscFDQ+RsvK/BxeDQOgyxKKoh0y/8h3BqVFnCqQ/gd+reiIXA==
  
  shebang-command@^2.0.0:
    version "2.0.0"
    resolved "https://registry.npmjs.org/shebang-command/-/shebang-command-2.0.0.tgz"
    integrity sha512-kHxr2zZpYtdmrN1qDjrrX/Z1rR1kG8Dx+gkpK1G4eXmvXswmcE1hTWBWYUzlraYw1/yZp6YuDY77YtvbN0dmDA==
    dependencies:
      shebang-regex "^3.0.0"
  
  shebang-regex@^3.0.0:
    version "3.0.0"
    resolved "https://registry.npmjs.org/shebang-regex/-/shebang-regex-3.0.0.tgz"
    integrity sha512-7++dFhtcx3353uBaq8DDR4NuxBetBzC7ZQOhmTQInHEd6bSrXdiEyzCvG07Z44UYdLShWUyXt5M/yhz8ekcb1A==
  
  shell-quote@^1.7.3:
    version "1.8.3"
    resolved "https://registry.npmjs.org/shell-quote/-/shell-quote-1.8.3.tgz"
    integrity sha512-ObmnIF4hXNg1BqhnHmgbDETF8dLPCggZWBjkQfhZpbszZnYur5DUljTcCHii5LC3J5E0yeO/1LIMyH+UvHQgyw==
  
  signal-exit@^3.0.2:
    version "3.0.7"
    resolved "https://registry.yarnpkg.com/signal-exit/-/signal-exit-3.0.7.tgz#a9a1767f8af84155114eaabd73f99273c8f59ad9"
    integrity sha512-wnD2ZE+l+SPC/uoS0vXeE9L1+0wuaMqKlfz9AMUo38JsyLSBWSFcHR1Rri62LZc12vLr1gb3jl7iwQhgwpAbGQ==
  
  signal-exit@^4.0.1, signal-exit@^4.1.0:
    version "4.1.0"
    resolved "https://registry.npmjs.org/signal-exit/-/signal-exit-4.1.0.tgz"
    integrity sha512-bzyZ1e88w9O1iNJbKnOlvYTrWPDl46O1bG0D3XInv+9tkPrxrN8jUUTiFlDkkmKWgn1M6CfIA13SuGqOa9Korw==
  
  signedsource@^1.0.0:
    version "1.0.0"
    resolved "https://registry.npmjs.org/signedsource/-/signedsource-1.0.0.tgz"
    integrity sha512-6+eerH9fEnNmi/hyM1DXcRK3pWdoMQtlkQ+ns0ntzunjKqp5i3sKCc80ym8Fib3iaYhdJUOPdhlJWj1tvge2Ww==
  
  slash@^3.0.0:
    version "3.0.0"
    resolved "https://registry.npmjs.org/slash/-/slash-3.0.0.tgz"
    integrity sha512-g9Q1haeby36OSStwb4ntCGGGaKsaVSjQ68fBxoQcutl5fS1vuY18H3wSt3jFyFtrkx+Kz0V1G85A4MyAdDMi2Q==
  
  slice-ansi@^7.1.0:
    version "7.1.2"
    resolved "https://registry.npmjs.org/slice-ansi/-/slice-ansi-7.1.2.tgz"
    integrity sha512-iOBWFgUX7caIZiuutICxVgX1SdxwAVFFKwt1EvMYYec/NWO5meOJ6K5uQxhrYBdQJne4KxiqZc+KptFOWFSI9w==
    dependencies:
      ansi-styles "^6.2.1"
      is-fullwidth-code-point "^5.0.0"
  
  snake-case@^3.0.4:
    version "3.0.4"
    resolved "https://registry.npmjs.org/snake-case/-/snake-case-3.0.4.tgz"
    integrity sha512-LAOh4z89bGQvl9pFfNF8V146i7o7/CqFPbqzYgP+yYzDIDeS9HaNFtXABamRW+AQzEVODcvE79ljJ+8a9YSdMg==
    dependencies:
      dot-case "^3.0.4"
      tslib "^2.0.3"
  
  source-map-support@^0.5.12:
    version "0.5.21"
    resolved "https://registry.npmjs.org/source-map-support/-/source-map-support-0.5.21.tgz"
    integrity sha512-uBHU3L3czsIyYXKX88fdrGovxdSCoTGDRZ6SYXtSRxLZUzHg5P/66Ht6uoUlHu9EZod+inXhKo3qQgwXUT/y1w==
    dependencies:
      buffer-from "^1.0.0"
      source-map "^0.6.0"
  
  source-map@^0.6.0:
    version "0.6.1"
    resolved "https://registry.npmjs.org/source-map/-/source-map-0.6.1.tgz"
    integrity sha512-UjgapumWlbMhkBgzT7Ykc5YXUT46F0iKu8SGXq0bcwP5dz/h0Plj6enJqjz1Zbq2l5WaqYnrVbwWOWMyF3F47g==
  
  split2@^4.1.0:
    version "4.2.0"
    resolved "https://registry.yarnpkg.com/split2/-/split2-4.2.0.tgz#c9c5920904d148bab0b9f67145f245a86aadbfa4"
    integrity sha512-UcjcJOWknrNkF6PLX83qcHM6KHgVKNkV62Y8a5uYDVv9ydGQVwAHMKqHdJje1VTWpljG0WYpCDhrCdAOYH4TWg==
  
  sponge-case@^1.0.1:
    version "1.0.1"
    resolved "https://registry.npmjs.org/sponge-case/-/sponge-case-1.0.1.tgz"
    integrity sha512-dblb9Et4DAtiZ5YSUZHLl4XhH4uK80GhAZrVXdN4O2P4gQ40Wa5UIOPUHlA/nFd2PLblBZWUioLMMAVrgpoYcA==
    dependencies:
      tslib "^2.0.3"
  
  sqlstring@^2.3.2:
    version "2.3.3"
    resolved "https://registry.yarnpkg.com/sqlstring/-/sqlstring-2.3.3.tgz#2ddc21f03bce2c387ed60680e739922c65751d0c"
    integrity sha512-qC9iz2FlN7DQl3+wjwn3802RTyjCx7sDvfQEXchwa6CWOx07/WVfh91gBmQ9fahw8snwGEWU3xGzOt4tFyHLxg==
  
  std-env@3.9.0:
    version "3.9.0"
    resolved "https://registry.yarnpkg.com/std-env/-/std-env-3.9.0.tgz#1a6f7243b339dca4c9fd55e1c7504c77ef23e8f1"
    integrity sha512-UGvjygr6F6tpH7o2qyqR6QYpwraIjKSdtzyBdyytFOHmPZY917kwdwLG0RbOjWOnKmnm3PeHjaoLLMie7kPLQw==
  
  string-env-interpolation@^1.0.1:
    version "1.0.1"
    resolved "https://registry.npmjs.org/string-env-interpolation/-/string-env-interpolation-1.0.1.tgz"
    integrity sha512-78lwMoCcn0nNu8LszbP1UA7g55OeE4v7rCeWnM5B453rnNr4aq+5it3FEYtZrSEiMvHZOZ9Jlqb0OD0M2VInqg==
  
  string-width@^4.1.0, string-width@^4.2.0, string-width@^4.2.3:
    version "4.2.3"
    resolved "https://registry.npmjs.org/string-width/-/string-width-4.2.3.tgz"
    integrity sha512-wKyQRQpjJ0sIp62ErSZdGsjMJWsap5oRNihHhu6G7JVO/9jIB6UyevL+tXuOqrng8j/cxKTWyWUwvSTriiZz/g==
    dependencies:
      emoji-regex "^8.0.0"
      is-fullwidth-code-point "^3.0.0"
      strip-ansi "^6.0.1"
  
  string-width@^7.0.0:
    version "7.2.0"
    resolved "https://registry.npmjs.org/string-width/-/string-width-7.2.0.tgz"
    integrity sha512-tsaTIkKW9b4N+AEj+SVA+WhJzV7/zMhcSu78mLKWSk7cXMOSHsBKFWUs0fWwq8QyK3MgJBQRX6Gbi4kYbdvGkQ==
    dependencies:
      emoji-regex "^10.3.0"
      get-east-asian-width "^1.0.0"
      strip-ansi "^7.1.0"
  
  string-width@^8.0.0:
    version "8.1.0"
    resolved "https://registry.npmjs.org/string-width/-/string-width-8.1.0.tgz"
    integrity sha512-Kxl3KJGb/gxkaUMOjRsQ8IrXiGW75O4E3RPjFIINOVH8AMl2SQ/yWdTzWwF3FevIX9LcMAjJW+GRwAlAbTSXdg==
    dependencies:
      get-east-asian-width "^1.3.0"
      strip-ansi "^7.1.0"
  
  strip-ansi@^6.0.0, strip-ansi@^6.0.1:
    version "6.0.1"
    resolved "https://registry.npmjs.org/strip-ansi/-/strip-ansi-6.0.1.tgz"
    integrity sha512-Y38VPSHcqkFrCpFnQ9vuSXmquuv5oXOKpGeT6aGrr3o3Gc9AlVa6JBfUSOCnbxGGZF+/0ooI7KrPuUSztUdU5A==
    dependencies:
      ansi-regex "^5.0.1"
  
  strip-ansi@^7.1.0:
    version "7.1.2"
    resolved "https://registry.npmjs.org/strip-ansi/-/strip-ansi-7.1.2.tgz"
    integrity sha512-gmBGslpoQJtgnMAvOVqGZpEz9dyoKTCzy2nfz/n8aIFhN/jCE/rCmcxabB6jOOHV+0WNnylOxaxBQPSvcWklhA==
    dependencies:
      ansi-regex "^6.0.1"
  
  strip-bom@^3.0.0:
    version "3.0.0"
    resolved "https://registry.npmjs.org/strip-bom/-/strip-bom-3.0.0.tgz"
    integrity sha512-vavAMRXOgBVNF6nyEEmL3DBK19iRpDcoIwW+swQ+CbGiu7lju6t+JklA1MHweoWtadgt4ISVUsXLyDq34ddcwA==
  
  strip-json-comments@^2.0.0:
    version "2.0.1"
    resolved "https://registry.npmjs.org/strip-json-comments/-/strip-json-comments-2.0.1.tgz"
    integrity sha512-4gB8na07fecVVkOI6Rs4e7T6NOTki5EmL7TUduTs6bu3EdnSycntVJ4re8kgZA+wx9IueI2Y11bfbgwtzuE0KQ==
  
  strip-json-comments@^3.1.1:
    version "3.1.1"
    resolved "https://registry.npmjs.org/strip-json-comments/-/strip-json-comments-3.1.1.tgz"
    integrity sha512-6fPc+R4ihwqP6N/aIv2f1gMH8lOVtWQHoqC4yK6oSDVVocumAsfCqjkXnqiYMhmMwS/mEHLp7Vehlt3ql6lEig==
  
  supports-color@^7.1.0:
    version "7.2.0"
    resolved "https://registry.npmjs.org/supports-color/-/supports-color-7.2.0.tgz"
    integrity sha512-qpCAvRl9stuOHveKsn7HncJRvv501qIacKzQlO/+Lwxc9+0q2wLyv4Dfvt80/DPn2pqOBsJdDiogXGR9+OvwRw==
    dependencies:
      has-flag "^4.0.0"
  
  supports-preserve-symlinks-flag@^1.0.0:
    version "1.0.0"
    resolved "https://registry.npmjs.org/supports-preserve-symlinks-flag/-/supports-preserve-symlinks-flag-1.0.0.tgz"
    integrity sha512-ot0WnXS9fgdkgIcePe6RHNk1WA8+muPa6cSjeR3V8K27q9BB1rTE3R1p7Hv0z1ZyAc8s6Vvv8DIyWf681MAt0w==
  
  swap-case@^2.0.2:
    version "2.0.2"
    resolved "https://registry.npmjs.org/swap-case/-/swap-case-2.0.2.tgz"
    integrity sha512-kc6S2YS/2yXbtkSMunBtKdah4VFETZ8Oh6ONSmSd9bRxhqTrtARUCBUiWXH3xVPpvR7tz2CSnkuXVE42EcGnMw==
    dependencies:
      tslib "^2.0.3"
  
  sync-fetch@0.6.0-2:
    version "0.6.0-2"
    resolved "https://registry.npmjs.org/sync-fetch/-/sync-fetch-0.6.0-2.tgz"
    integrity sha512-c7AfkZ9udatCuAy9RSfiGPpeOKKUAUK5e1cXadLOGUjasdxqYqAK0jTNkM/FSEyJ3a5Ra27j/tw/PS0qLmaF/A==
    dependencies:
      node-fetch "^3.3.2"
      timeout-signal "^2.0.0"
      whatwg-mimetype "^4.0.0"
  
  synckit@^0.11.7:
    version "0.11.11"
    resolved "https://registry.npmjs.org/synckit/-/synckit-0.11.11.tgz"
    integrity sha512-MeQTA1r0litLUf0Rp/iisCaL8761lKAZHaimlbGK4j0HysC4PLfqygQj9srcs0m2RdtDYnF8UuYyKpbjHYp7Jw==
    dependencies:
      "@pkgr/core" "^0.2.9"
  
  timeout-signal@^2.0.0:
    version "2.0.0"
    resolved "https://registry.npmjs.org/timeout-signal/-/timeout-signal-2.0.0.tgz"
    integrity sha512-YBGpG4bWsHoPvofT6y/5iqulfXIiIErl5B0LdtHT1mGXDFTAhhRrbUpTvBgYbovr+3cKblya2WAOcpoy90XguA==
  
  tinyexec@^1.0.1:
    version "1.0.2"
    resolved "https://registry.yarnpkg.com/tinyexec/-/tinyexec-1.0.2.tgz#bdd2737fe2ba40bd6f918ae26642f264b99ca251"
    integrity sha512-W/KYk+NFhkmsYpuHq5JykngiOCnxeVL8v8dFnqxSD8qEEdRfXk1SDM6JzNqcERbcGYj9tMrDQBYV9cjgnunFIg==
  
  tinyglobby@^0.2.15:
    version "0.2.15"
    resolved "https://registry.npmjs.org/tinyglobby/-/tinyglobby-0.2.15.tgz"
    integrity sha512-j2Zq4NyQYG5XMST4cbs02Ak8iJUdxRM0XI5QyxXuZOzKOINmWurp3smXu3y5wDcJrptwpSjgXHzIQxR0omXljQ==
    dependencies:
      fdir "^6.5.0"
      picomatch "^4.0.3"
  
  title-case@^3.0.3:
    version "3.0.3"
    resolved "https://registry.npmjs.org/title-case/-/title-case-3.0.3.tgz"
    integrity sha512-e1zGYRvbffpcHIrnuqT0Dh+gEJtDaxDSoG4JAIpq4oDFyooziLBIiYQv0GBT4FUAnUop5uZ1hiIAj7oAF6sOCA==
    dependencies:
      tslib "^2.0.3"
  
  to-regex-range@^5.0.1:
    version "5.0.1"
    resolved "https://registry.npmjs.org/to-regex-range/-/to-regex-range-5.0.1.tgz"
    integrity sha512-65P7iz6X5yEr1cwcgvQxbbIw7Uk3gOy5dIdtZ4rDveLqhrdJP+Li/Hx6tyK0NEb+2GCyneCMJiGqrADCSNk8sQ==
    dependencies:
      is-number "^7.0.0"
  
  tr46@~0.0.3:
    version "0.0.3"
    resolved "https://registry.npmjs.org/tr46/-/tr46-0.0.3.tgz"
    integrity sha512-N3WMsuqV66lT30CrXNbEjx4GEwlow3v6rr4mCcv6prnfwhS01rkgyFdjPNBYd9br7LpXV1+Emh01fHnq2Gdgrw==
  
  tree-kill@^1.2.2:
    version "1.2.2"
    resolved "https://registry.npmjs.org/tree-kill/-/tree-kill-1.2.2.tgz"
    integrity sha512-L0Orpi8qGpRG//Nd+H90vFB+3iHnue1zSSGmNOOCh1GLJ7rUKVwV2HvijphGQS2UmhUZewS9VgvxYIdgr+fG1A==
  
  ts-api-utils@^2.1.0:
    version "2.2.0"
    resolved "https://registry.npmjs.org/ts-api-utils/-/ts-api-utils-2.2.0.tgz"
    integrity sha512-L6f5oQRAoLU1RwXz0Ab9mxsE7LtxeVB6AIR1lpkZMsOyg/JXeaxBaXa/FVCBZyNr9S9I4wkHrlZTklX+im+WMw==
  
  ts-log@^2.2.3:
    version "2.2.7"
    resolved "https://registry.npmjs.org/ts-log/-/ts-log-2.2.7.tgz"
    integrity sha512-320x5Ggei84AxzlXp91QkIGSw5wgaLT6GeAH0KsqDmRZdVWW2OiSeVvElVoatk3f7nicwXlElXsoFkARiGE2yg==
  
  ts-node-dev@^2.0.0:
    version "2.0.0"
    resolved "https://registry.npmjs.org/ts-node-dev/-/ts-node-dev-2.0.0.tgz"
    integrity sha512-ywMrhCfH6M75yftYvrvNarLEY+SUXtUvU8/0Z6llrHQVBx12GiFk5sStF8UdfE/yfzk9IAq7O5EEbTQsxlBI8w==
    dependencies:
      chokidar "^3.5.1"
      dynamic-dedupe "^0.3.0"
      minimist "^1.2.6"
      mkdirp "^1.0.4"
      resolve "^1.0.0"
      rimraf "^2.6.1"
      source-map-support "^0.5.12"
      tree-kill "^1.2.2"
      ts-node "^10.4.0"
      tsconfig "^7.0.0"
  
  ts-node@^10.4.0, ts-node@^10.9.2:
    version "10.9.2"
    resolved "https://registry.npmjs.org/ts-node/-/ts-node-10.9.2.tgz"
    integrity sha512-f0FFpIdcHgn8zcPSbf1dRevwt047YMnaiJM3u2w2RewrB+fob/zePZcrOyQoLMMO7aBIddLcQIEK5dYjkLnGrQ==
    dependencies:
      "@cspotcode/source-map-support" "^0.8.0"
      "@tsconfig/node10" "^1.0.7"
      "@tsconfig/node12" "^1.0.7"
      "@tsconfig/node14" "^1.0.0"
      "@tsconfig/node16" "^1.0.2"
      acorn "^8.4.1"
      acorn-walk "^8.1.1"
      arg "^4.1.0"
      create-require "^1.1.0"
      diff "^4.0.1"
      make-error "^1.1.1"
      v8-compile-cache-lib "^3.0.1"
      yn "3.1.1"
  
  tsconfig@^7.0.0:
    version "7.0.0"
    resolved "https://registry.npmjs.org/tsconfig/-/tsconfig-7.0.0.tgz"
    integrity sha512-vZXmzPrL+EmC4T/4rVlT2jNVMWCi/O4DIiSj3UHg1OE5kCKbk4mfrXc6dZksLgRM/TZlKnousKH9bbTazUWRRw==
    dependencies:
      "@types/strip-bom" "^3.0.0"
      "@types/strip-json-comments" "0.0.30"
      strip-bom "^3.0.0"
      strip-json-comments "^2.0.0"
  
  tslib@^2.0.3, tslib@^2.1.0, tslib@^2.3.0, tslib@^2.4.0, tslib@^2.5.0, tslib@^2.6.3, tslib@^2.8.1:
    version "2.8.1"
    resolved "https://registry.npmjs.org/tslib/-/tslib-2.8.1.tgz"
    integrity sha512-oJFu94HQb+KVduSUQL7wnpmqnfmLsOA/nAh6b6EH0wCEoK0/mPeXU6c3wKDV83MkOuHPRHtSXKKU99IBazS/2w==
  
  tslib@~2.6.0:
    version "2.6.3"
    resolved "https://registry.npmjs.org/tslib/-/tslib-2.6.3.tgz"
    integrity sha512-xNvxJEOUiWPGhUuUdQgAJPKOOJfGnIyKySOc09XkKsgdUV/3E2zvwZYdejjmRgPCgcym1juLH3226yA7sEFJKQ==
  
  tsx@^4.21.0:
    version "4.21.0"
    resolved "https://registry.yarnpkg.com/tsx/-/tsx-4.21.0.tgz#32aa6cf17481e336f756195e6fe04dae3e6308b1"
    integrity sha512-5C1sg4USs1lfG0GFb2RLXsdpXqBSEhAaA/0kPL01wxzpMqLILNxIxIOKiILz+cdg/pLnOUxFYOR5yhHU666wbw==
    dependencies:
      esbuild "~0.27.0"
      get-tsconfig "^4.7.5"
    optionalDependencies:
      fsevents "~2.3.3"
  
  type-check@^0.4.0, type-check@~0.4.0:
    version "0.4.0"
    resolved "https://registry.npmjs.org/type-check/-/type-check-0.4.0.tgz"
    integrity sha512-XleUoc9uwGXqjWwXaUTZAmzMcFZ5858QA2vvx1Ur5xIcixXIP+8LnFDgRplU30us6teqdlskFfu+ae4K79Ooew==
    dependencies:
      prelude-ls "^1.2.1"
  
  type-fest@^4.39.1:
    version "4.41.0"
    resolved "https://registry.yarnpkg.com/type-fest/-/type-fest-4.41.0.tgz#6ae1c8e5731273c2bf1f58ad39cbae2c91a46c58"
    integrity sha512-TeTSQ6H5YHvpqVwBRcnLDCBnDOHWYu7IvGbHT6N8AOymcr9PJGjc1GTtiWZTYg0NCgYwvnYWEkVChQAr9bjfwA==
  
  typescript-eslint@^8.50.1:
    version "8.50.1"
    resolved "https://registry.npmjs.org/typescript-eslint/-/typescript-eslint-8.50.1.tgz"
    integrity sha512-ytTHO+SoYSbhAH9CrYnMhiLx8To6PSSvqnvXyPUgPETCvB6eBKmTI9w6XMPS3HsBRGkwTVBX+urA8dYQx6bHfQ==
    dependencies:
      "@typescript-eslint/eslint-plugin" "8.50.1"
      "@typescript-eslint/parser" "8.50.1"
      "@typescript-eslint/typescript-estree" "8.50.1"
      "@typescript-eslint/utils" "8.50.1"
  
  typescript@^5.9.3:
    version "5.9.3"
    resolved "https://registry.npmjs.org/typescript/-/typescript-5.9.3.tgz"
    integrity sha512-jl1vZzPDinLr9eUt3J/t7V6FgNEw9QjvBPdysz9KfQDD41fQrC2Y4vKQdiaUpFT4bXlb1RHhLpp8wtm6M5TgSw==
  
  ua-parser-js@^1.0.35:
    version "1.0.41"
    resolved "https://registry.npmjs.org/ua-parser-js/-/ua-parser-js-1.0.41.tgz"
    integrity sha512-LbBDqdIC5s8iROCUjMbW1f5dJQTEFB1+KO9ogbvlb3nm9n4YHa5p4KTvFPWvh2Hs8gZMBuiB1/8+pdfe/tDPug==
  
  unc-path-regex@^0.1.2:
    version "0.1.2"
    resolved "https://registry.npmjs.org/unc-path-regex/-/unc-path-regex-0.1.2.tgz"
    integrity sha512-eXL4nmJT7oCpkZsHZUOJo8hcX3GbsiDOa0Qu9F646fi8dT3XuSVopVqAcEiVzSKKH7UoDti23wNX3qGFxcW5Qg==
  
  undici-types@~7.16.0:
    version "7.16.0"
    resolved "https://registry.npmjs.org/undici-types/-/undici-types-7.16.0.tgz"
    integrity sha512-Zz+aZWSj8LE6zoxD+xrjh4VfkIG8Ya6LvYkZqtUQGJPZjYl53ypCaUwWqo7eI0x66KBGeRo+mlBEkMSeSZ38Nw==
  
  unixify@^1.0.0:
    version "1.0.0"
    resolved "https://registry.npmjs.org/unixify/-/unixify-1.0.0.tgz"
    integrity sha512-6bc58dPYhCMHHuwxldQxO3RRNZ4eCogZ/st++0+fcC1nr0jiGUtAdBJ2qzmLQWSxbtz42pWt4QQMiZ9HvZf5cg==
    dependencies:
      normalize-path "^2.1.1"
  
  update-browserslist-db@^1.2.0:
    version "1.2.3"
    resolved "https://registry.npmjs.org/update-browserslist-db/-/update-browserslist-db-1.2.3.tgz"
    integrity sha512-Js0m9cx+qOgDxo0eMiFGEueWztz+d4+M3rGlmKPT+T4IS/jP4ylw3Nwpu6cpTTP8R1MAC1kF4VbdLt3ARf209w==
    dependencies:
      escalade "^3.2.0"
      picocolors "^1.1.1"
  
  upper-case-first@^2.0.2:
    version "2.0.2"
    resolved "https://registry.npmjs.org/upper-case-first/-/upper-case-first-2.0.2.tgz"
    integrity sha512-514ppYHBaKwfJRK/pNC6c/OxfGa0obSnAl106u97Ed0I625Nin96KAjttZF6ZL3e1XLtphxnqrOi9iWgm+u+bg==
    dependencies:
      tslib "^2.0.3"
  
  upper-case@^2.0.2:
    version "2.0.2"
    resolved "https://registry.npmjs.org/upper-case/-/upper-case-2.0.2.tgz"
    integrity sha512-KgdgDGJt2TpuwBUIjgG6lzw2GWFRCW9Qkfkiv0DxqHHLYJHmtmdUIKcZd8rHgFSjopVTlw6ggzCm1b8MFQwikg==
    dependencies:
      tslib "^2.0.3"
  
  uri-js@^4.2.2:
    version "4.4.1"
    resolved "https://registry.npmjs.org/uri-js/-/uri-js-4.4.1.tgz"
    integrity sha512-7rKUyy33Q1yc98pQ1DAmLtwX109F7TIfWlW1Ydo8Wl1ii1SeHieeh0HHfPeL2fMXK6z0s8ecKs9frCuLJvndBg==
    dependencies:
      punycode "^2.1.0"
  
  urlpattern-polyfill@^10.0.0:
    version "10.1.0"
    resolved "https://registry.npmjs.org/urlpattern-polyfill/-/urlpattern-polyfill-10.1.0.tgz"
    integrity sha512-IGjKp/o0NL3Bso1PymYURCJxMPNAf/ILOpendP9f5B6e1rTJgdgiOvgfoT8VxCAdY+Wisb9uhGaJJf3yZ2V9nw==
  
  v8-compile-cache-lib@^3.0.1:
    version "3.0.1"
    resolved "https://registry.npmjs.org/v8-compile-cache-lib/-/v8-compile-cache-lib-3.0.1.tgz"
    integrity sha512-wa7YjyUGfNZngI/vtK0UHAN+lgDCxBPCylVXGp0zu59Fz5aiGtNXaq3DhIov063MorB+VfufLh3JlF2KdTK3xg==
  
  valibot@1.2.0:
    version "1.2.0"
    resolved "https://registry.yarnpkg.com/valibot/-/valibot-1.2.0.tgz#8fc720d9e4082ba16e30a914064a39619b2f1d6f"
    integrity sha512-mm1rxUsmOxzrwnX5arGS+U4T25RdvpPjPN4yR0u9pUBov9+zGVtO84tif1eY4r6zWxVxu3KzIyknJy3rxfRZZg==
  
  web-streams-polyfill@^3.0.3:
    version "3.3.3"
    resolved "https://registry.npmjs.org/web-streams-polyfill/-/web-streams-polyfill-3.3.3.tgz"
    integrity sha512-d2JWLCivmZYTSIoge9MsgFCZrt571BikcWGYkjC1khllbTeDlGqZ2D8vD8E/lJa8WGWbb7Plm8/XJYV7IJHZZw==
  
  webidl-conversions@^3.0.0:
    version "3.0.1"
    resolved "https://registry.npmjs.org/webidl-conversions/-/webidl-conversions-3.0.1.tgz"
    integrity sha512-2JAn3z8AR6rjK8Sm8orRC0h/bcl/DqL7tRPdGZ4I1CjdF+EaMLmYxBHyXuKL849eucPFhvBoxMsflfOb8kxaeQ==
  
  whatwg-mimetype@^4.0.0:
    version "4.0.0"
    resolved "https://registry.npmjs.org/whatwg-mimetype/-/whatwg-mimetype-4.0.0.tgz"
    integrity sha512-QaKxh0eNIi2mE9p2vEdzfagOKHCcj1pJ56EEHGQOVxp8r9/iszLUUV7v89x9O1p/T+NlTM5W7jW6+cz4Fq1YVg==
  
  whatwg-url@^5.0.0:
    version "5.0.0"
    resolved "https://registry.npmjs.org/whatwg-url/-/whatwg-url-5.0.0.tgz"
    integrity sha512-saE57nupxk6v3HY35+jzBwYa0rKSy0XR8JSxZPwgLr7ys0IBzhGviA1/TUGJLmSVqs8pb9AnvICXEuOHLprYTw==
    dependencies:
      tr46 "~0.0.3"
      webidl-conversions "^3.0.0"
  
  which@^2.0.1:
    version "2.0.2"
    resolved "https://registry.npmjs.org/which/-/which-2.0.2.tgz"
    integrity sha512-BLI3Tl1TW3Pvl70l3yq3Y64i+awpwXqsGBYWkkqMtnbXgrMD+yj7rhW0kuEDxzJaYXGjEW5ogapKNMEKNMjibA==
    dependencies:
      isexe "^2.0.0"
  
  word-wrap@^1.2.5:
    version "1.2.5"
    resolved "https://registry.npmjs.org/word-wrap/-/word-wrap-1.2.5.tgz"
    integrity sha512-BN22B5eaMMI9UMtjrGd5g5eCYPpCPDUy0FJXbYsaT5zYxjFOckS53SQDE3pWkVoWpHXVb3BrYcEN4Twa55B5cA==
  
  wrap-ansi@^6.2.0:
    version "6.2.0"
    resolved "https://registry.npmjs.org/wrap-ansi/-/wrap-ansi-6.2.0.tgz"
    integrity sha512-r6lPcBGxZXlIcymEu7InxDMhdW0KDxpLgoFLcguasxCaJ/SOIZwINatK9KY/tf+ZrlywOKU0UDj3ATXUBfxJXA==
    dependencies:
      ansi-styles "^4.0.0"
      string-width "^4.1.0"
      strip-ansi "^6.0.0"
  
  wrap-ansi@^7.0.0:
    version "7.0.0"
    resolved "https://registry.npmjs.org/wrap-ansi/-/wrap-ansi-7.0.0.tgz"
    integrity sha512-YVGIj2kamLSTxw6NsZjoBxfSwsn0ycdesmc4p+Q21c5zPuZ1pl+NfxVdxPtdHvmNVOQ6XSYG4AUtyt/Fi7D16Q==
    dependencies:
      ansi-styles "^4.0.0"
      string-width "^4.1.0"
      strip-ansi "^6.0.0"
  
  wrap-ansi@^9.0.0:
    version "9.0.2"
    resolved "https://registry.npmjs.org/wrap-ansi/-/wrap-ansi-9.0.2.tgz"
    integrity sha512-42AtmgqjV+X1VpdOfyTGOYRi0/zsoLqtXQckTmqTeybT+BDIbM/Guxo7x3pE2vtpr1ok6xRqM9OpBe+Jyoqyww==
    dependencies:
      ansi-styles "^6.2.1"
      string-width "^7.0.0"
      strip-ansi "^7.1.0"
  
  wrappy@1:
    version "1.0.2"
    resolved "https://registry.npmjs.org/wrappy/-/wrappy-1.0.2.tgz"
    integrity sha512-l4Sp/DRseor9wL6EvV2+TuQn63dMkPjZ/sp9XkghTEbV9KlPS1xUsZ3u7/IQO4wxtcFB4bgpQPRcR3QCvezPcQ==
  
  ws@^8.17.1, ws@^8.18.3:
    version "8.18.3"
    resolved "https://registry.npmjs.org/ws/-/ws-8.18.3.tgz"
    integrity sha512-PEIGCY5tSlUt50cqyMXfCzX+oOPqN0vuGqWzbcJ2xvnkzkq46oOpz7dQaTDBdfICb4N14+GARUDw2XV2N4tvzg==
  
  xtend@^4.0.0:
    version "4.0.2"
    resolved "https://registry.npmjs.org/xtend/-/xtend-4.0.2.tgz"
    integrity sha512-LKYU1iAXJXUgAXn9URjiu+MWhyUXHsvfp7mcuYm9dSUKK0/CjtrUwFAxD82/mCWbtLsGjFIad0wIsod4zrTAEQ==
  
  y18n@^5.0.5:
    version "5.0.8"
    resolved "https://registry.npmjs.org/y18n/-/y18n-5.0.8.tgz"
    integrity sha512-0pfFzegeDWJHJIAmTLRP2DwHjdF5s7jo9tuztdQxAhINCdvS+3nGINqPd00AphqJR/0LhANUS6/+7SCb98YOfA==
  
  yallist@^3.0.2:
    version "3.1.1"
    resolved "https://registry.npmjs.org/yallist/-/yallist-3.1.1.tgz"
    integrity sha512-a4UGQaWPH59mOXUYnAG2ewncQS4i4F43Tv3JoAM+s2VDAmS9NsK8GpDMLrCHPksFT7h3K6TOoUNn2pb7RoXx4g==
  
  yaml@^2.3.1:
    version "2.8.2"
    resolved "https://registry.npmjs.org/yaml/-/yaml-2.8.2.tgz"
    integrity sha512-mplynKqc1C2hTVYxd0PU2xQAc22TI1vShAYGksCCfxbn/dFwnHTNi1bvYsBTkhdUNtGIf5xNOg938rrSSYvS9A==
  
  yargs-parser@^21.1.1:
    version "21.1.1"
    resolved "https://registry.npmjs.org/yargs-parser/-/yargs-parser-21.1.1.tgz"
    integrity sha512-tVpsJW7DdjecAiFpbIB1e3qxIQsE6NoPc5/eTdrbbIC4h0LVsWhnoa3g+m2HclBIujHzsxZ4VJVA+GUuc2/LBw==
  
  yargs@^17.0.0:
    version "17.7.2"
    resolved "https://registry.npmjs.org/yargs/-/yargs-17.7.2.tgz"
    integrity sha512-7dSzzRQ++CKnNI/krKnYRV7JKKPUXMEh61soaHKg9mrWEhzFWhFnxPxGl+69cD1Ou63C13NUPCnmIcrvqCuM6w==
    dependencies:
      cliui "^8.0.1"
      escalade "^3.1.1"
      get-caller-file "^2.0.5"
      require-directory "^2.1.1"
      string-width "^4.2.3"
      y18n "^5.0.5"
      yargs-parser "^21.1.1"
  
  yn@3.1.1:
    version "3.1.1"
    resolved "https://registry.npmjs.org/yn/-/yn-3.1.1.tgz"
    integrity sha512-Ux4ygGWsu2c7isFWe8Yu1YluJmqVhxqK2cLXNQA5AcC3QfbGNpM7fu0Y8b/z16pXLnFxZYvWhd3fhBY9DLmC6Q==
  
  yocto-queue@^0.1.0:
    version "0.1.0"
    resolved "https://registry.npmjs.org/yocto-queue/-/yocto-queue-0.1.0.tgz"
    integrity sha512-rVksvsnNCdJ/ohGc6xgPwyN8eheCxsiLM8mxuE/t/mOVqJewPuO1miLpTHQiRgTKCLexL4MeAFVagts7HmNZ2Q==
  
  yoctocolors-cjs@^2.1.3:
    version "2.1.3"
    resolved "https://registry.npmjs.org/yoctocolors-cjs/-/yoctocolors-cjs-2.1.3.tgz"
    integrity sha512-U/PBtDf35ff0D8X8D0jfdzHYEPFxAI7jJlxZXwCSez5M3190m+QobIfh+sWDWSHMCWWJN2AWamkegn6vr6YBTw==
  
  zeptomatch@2.0.2:
    version "2.0.2"
    resolved "https://registry.yarnpkg.com/zeptomatch/-/zeptomatch-2.0.2.tgz#8ef6a2288a8cde753a02327305ac912914416ab4"
    integrity sha512-H33jtSKf8Ijtb5BW6wua3G5DhnFjbFML36eFu+VdOoVY4HD9e7ggjqdM6639B+L87rjnR6Y+XeRzBXZdy52B/g==
    dependencies:
      grammex "^3.1.10"
